symbol,timeframe,year,sample_type,total_trades,win_rate_pct,total_return_pct,profit_factor,max_drawdown_pct,sharpe_ratio,total_fees,total_slippage,maker_fill_ratio,ending_equity,trade_file
BTC,15m,2021,In-Sample,153,37.254901960784316,-10.282322442723194,0.9070310717449487,24.194262285677638,-0.6363150207260573,125.69213089449548,77.88494348995658,0.0,897.1767755727681,results/round2_backtests/trades/BTC_15m_2021_in_sample_trades.json
BTC,15m,2021,Out-of-Sample,44,31.818181818181817,-8.724695240272979,0.6736424833213986,11.163960588253268,-2.0651809464944333,42.2413906518076,26.445575164608854,0.0,912.7530475972702,results/round2_backtests/trades/BTC_15m_2021_out_of_sample_trades.json
BTC,15m,2022,In-Sample,138,38.405797101449274,-7.09217970940133,0.9704900949115398,19.275770305829965,-0.4059367005465716,162.59451415214812,100.04123492549105,0.0,929.0782029059867,results/round2_backtests/trades/BTC_15m_2022_in_sample_trades.json
BTC,15m,2022,Out-of-Sample,38,34.21052631578947,-8.375826167859044,0.7218873851202189,11.858399969054641,-1.98056819285843,70.88357615361309,44.11687401649193,0.0,916.2417383214096,results/round2_backtests/trades/BTC_15m_2022_out_of_sample_trades.json
BTC,15m,2023,In-Sample,158,29.746835443037973,-40.016601973030326,0.5660232283368388,40.016601973030326,-2.9092170962852615,252.90412189121514,157.54829281818206,0.0,599.8339802696968,results/round2_backtests/trades/BTC_15m_2023_in_sample_trades.json
BTC,15m,2023,Out-of-Sample,25,40.0,-0.22127564644745232,1.1340749999999507,4.535165789938491,-0.006885461066682426,46.21172206550784,27.20927138796551,0.0,997.7872435355255,results/round2_backtests/trades/BTC_15m_2023_out_of_sample_trades.json
BTC,15m,2024,In-Sample,153,29.411764705882355,-26.54128419299866,0.7169440301569886,30.981558087717165,-1.8631889102381645,199.48477972463678,124.5350838654633,0.0,734.5871580700134,results/round2_backtests/trades/BTC_15m_2024_in_sample_trades.json
BTC,15m,2024,Out-of-Sample,40,32.5,1.1304874654266428,1.143060721354668,11.767191622925981,0.33879031511285357,60.57028246717046,35.03707700091412,0.0,1011.3048746542664,results/round2_backtests/trades/BTC_15m_2024_out_of_sample_trades.json
BTC,15m,2025,In-Sample,158,34.810126582278485,-27.381251250213882,0.7509294010038161,31.653885050376346,-1.828348977354725,255.8397600467058,157.84054048711326,0.0,726.1874874978612,results/round2_backtests/trades/BTC_15m_2025_in_sample_trades.json
BTC,15m,2025,Out-of-Sample,39,28.205128205128204,-17.009608969855243,0.35176206439404417,18.065072577013524,-4.172853321864487,59.63822747404453,38.467765701593954,0.0,829.9039103014476,results/round2_backtests/trades/BTC_15m_2025_out_of_sample_trades.json
BTC,1h,2021,In-Sample,23,73.91304347826086,7.572305509615217,2.185894613522296,4.221956825367662,2.4811496944042375,8.822373982667365,5.32666871276695,0.0,1075.7230550961522,results/round2_backtests/trades/BTC_1h_2021_in_sample_trades.json
BTC,1h,2021,Out-of-Sample,10,30.0,-4.962297769067458,0.23676633638401506,5.544426183246992,-5.893007559352381,4.812165568415467,3.2436478483565465,0.0,950.3770223093254,results/round2_backtests/trades/BTC_1h_2021_out_of_sample_trades.json
BTC,1h,2022,In-Sample,36,50.0,4.0299521071266104,1.3505575283401643,3.710303355554703,1.0339914870265943,20.61983542202541,12.261702982246007,0.0,1040.299521071266,results/round2_backtests/trades/BTC_1h_2022_in_sample_trades.json
BTC,1h,2022,Out-of-Sample,7,42.857142857142854,1.3363986283219447,1.4299755792167304,3.46914632805245,1.5923051057610704,5.363215875874237,2.8105386698291515,0.0,1013.3639862832194,results/round2_backtests/trades/BTC_1h_2022_out_of_sample_trades.json
BTC,1h,2023,In-Sample,30,33.33333333333333,-6.453663044336884,0.6704591206653696,10.417028284439638,-1.8301211495182428,33.33543637457531,20.115507762102038,0.0,935.4633695566312,results/round2_backtests/trades/BTC_1h_2023_in_sample_trades.json
BTC,1h,2023,Out-of-Sample,6,33.33333333333333,-1.6347178831154336,0.6793800196630263,4.810297677998764,-2.1787414445667452,5.458323332927844,3.243639364786682,0.0,983.6528211688457,results/round2_backtests/trades/BTC_1h_2023_out_of_sample_trades.json
BTC,1h,2024,In-Sample,22,50.0,-3.1827902189102817,0.711695597320212,7.877236941995948,-1.0818851512065815,16.921732624283482,9.18966136691331,0.0,968.1720978108972,results/round2_backtests/trades/BTC_1h_2024_in_sample_trades.json
BTC,1h,2024,Out-of-Sample,5,40.0,0.21142706726550387,1.2726242004104884,1.4140527661560254,0.3247781971420175,3.4425678298535045,2.1744568497745522,0.0,1002.114270672655,results/round2_backtests/trades/BTC_1h_2024_out_of_sample_trades.json
BTC,1h,2025,In-Sample,43,34.883720930232556,-6.5949018397868135,0.7452114664917538,11.73531130266384,-1.7020978196277445,39.17866103612114,25.55870721760877,0.0,934.0509816021319,results/round2_backtests/trades/BTC_1h_2025_in_sample_trades.json
BTC,1h,2025,Out-of-Sample,5,40.0,0.1948704946144858,1.2695669275616386,2.8825010749550137,0.31520268408527413,3.6205111698513983,2.266806920479055,0.0,1001.9487049461449,results/round2_backtests/trades/BTC_1h_2025_out_of_sample_trades.json
BNB,15m,2021,In-Sample,137,39.416058394160586,-12.05630891834967,0.8553311977528317,21.766795491878792,-0.817230160789714,76.47627904025573,46.94364927238011,0.0,879.4369108165033,results/round2_backtests/trades/BNB_15m_2021_in_sample_trades.json
BNB,15m,2021,Out-of-Sample,29,34.48275862068966,-3.7103670983656114,0.8202031076873488,6.569517239557866,-1.0786912804940785,25.60926259778444,15.974369578343698,0.0,962.8963290163439,results/round2_backtests/trades/BNB_15m_2021_out_of_sample_trades.json
BNB,15m,2022,In-Sample,173,35.26011560693642,-20.587018026348563,0.8231694406978827,21.973027150874678,-1.2551118181079066,159.57449097998148,97.20795439261812,0.0,794.1298197365144,results/round2_backtests/trades/BNB_15m_2022_in_sample_trades.json
BNB,15m,2022,Out-of-Sample,24,29.166666666666668,-8.681472310337925,0.42068432582870363,11.570931750940147,-2.878663201556881,31.12745553464028,19.205209135068113,0.0,913.1852768966207,results/round2_backtests/trades/BNB_15m_2022_out_of_sample_trades.json
BNB,15m,2023,In-Sample,139,27.33812949640288,-32.632399363760555,0.6183292137798924,34.641850137515824,-2.606451159066263,191.7740790193076,119.40745270497231,0.0,673.6760063623944,results/round2_backtests/trades/BNB_15m_2023_in_sample_trades.json
BNB,15m,2023,Out-of-Sample,35,31.428571428571427,6.186312531121256,1.530532803231861,5.987829886570214,1.5401143426199322,39.11917138600599,23.260499787528744,0.0,1061.8631253112126,results/round2_backtests/trades/BNB_15m_2023_out_of_sample_trades.json
BNB,15m,2024,In-Sample,150,33.33333333333333,-13.791973771863693,0.8824617928771888,19.45854973841385,-0.8605938087829721,175.63432455328814,106.33926044776848,0.0,862.080262281363,results/round2_backtests/trades/BNB_15m_2024_in_sample_trades.json
BNB,15m,2024,Out-of-Sample,43,37.2093023255814,5.26284525988533,1.3747520163589204,10.145708794879232,1.1981292543998832,45.84944220361023,26.90223100333798,0.0,1052.6284525988533,results/round2_backtests/trades/BNB_15m_2024_out_of_sample_trades.json
BNB,15m,2025,In-Sample,166,26.506024096385545,-36.02024410343901,0.6368574878338166,40.221981937256736,-2.6616838064781576,220.88551535939504,140.44202754468964,0.0,639.7975589656099,results/round2_backtests/trades/BNB_15m_2025_in_sample_trades.json
BNB,15m,2025,Out-of-Sample,47,36.17021276595745,-12.636496269753195,0.6077944493349373,12.636496269753195,-2.907659096534988,68.21813441838115,42.94015217393066,0.0,873.635037302468,results/round2_backtests/trades/BNB_15m_2025_out_of_sample_trades.json
BNB,1h,2021,In-Sample,23,60.86956521739131,1.1821319873973493,1.1455200278189375,4.555705957109541,0.45061357246321293,6.372132015050726,3.8892072552419235,0.0,1011.8213198739735,results/round2_backtests/trades/BNB_1h_2021_in_sample_trades.json
BNB,1h,2021,Out-of-Sample,8,75.0,-0.48096675144001894,0.8266561543389345,2.2452587885144486,-0.6044201135633094,3.6014058540976266,2.3299566918481514,0.0,995.1903324855998,results/round2_backtests/trades/BNB_1h_2021_out_of_sample_trades.json
BNB,1h,2022,In-Sample,32,43.75,-6.230785885285331,0.6462793305637892,10.342975653038547,-1.6814162835497783,14.313090079754883,9.057867063059456,0.0,937.6921411471467,results/round2_backtests/trades/BNB_1h_2022_in_sample_trades.json
BNB,1h,2022,Out-of-Sample,7,14.285714285714285,-4.085195408972106,0.38215587517531,5.620999620925744,-4.581687017920938,3.6025507484118275,2.38788883734314,0.0,959.1480459102789,results/round2_backtests/trades/BNB_1h_2022_out_of_sample_trades.json
BNB,1h,2023,In-Sample,34,47.05882352941176,12.451243813174347,2.015630267182243,5.397284841718144,2.951337139308482,32.753906858086076,18.599808021807686,0.0,1124.5124381317435,results/round2_backtests/trades/BNB_1h_2023_in_sample_trades.json
BNB,1h,2023,Out-of-Sample,9,22.22222222222222,-2.230978590646225,0.5433987814785768,3.3472962731596256,-2.6385802514336842,6.228128382957077,4.178072216021229,0.0,977.6902140935377,results/round2_backtests/trades/BNB_1h_2023_out_of_sample_trades.json
BNB,1h,2024,In-Sample,40,52.5,-0.1898580240876754,1.0364968802190981,6.804938751157728,0.020557110217676866,26.229297478448,15.461137255712012,0.0,998.1014197591232,results/round2_backtests/trades/BNB_1h_2024_in_sample_trades.json
BNB,1h,2024,Out-of-Sample,10,20.0,-6.019676493350471,0.2878843536680304,6.628209060764305,-6.890283026866446,4.2723530282189115,2.897809097492055,0.0,939.8032350664953,results/round2_backtests/trades/BNB_1h_2024_out_of_sample_trades.json
BNB,1h,2025,In-Sample,34,23.52941176470588,-9.889411607834495,0.5473939344025607,9.889411607834495,-2.9842184028998116,24.724917563276595,15.781250783915784,0.0,901.105883921655,results/round2_backtests/trades/BNB_1h_2025_in_sample_trades.json
BNB,1h,2025,Out-of-Sample,6,66.66666666666666,3.733008395554225,4.450985318796049,1.70734425332013,4.934058045652184,4.005173129119002,1.960962025661251,0.0,1037.3300839555422,results/round2_backtests/trades/BNB_1h_2025_out_of_sample_trades.json
SOL,15m,2021,In-Sample,129,55.03875968992248,10.871309338612036,1.2137046123258826,7.036068728820739,0.7993038100786605,56.03690771638301,34.79598725520686,0.0,1108.7130933861204,results/round2_backtests/trades/SOL_15m_2021_in_sample_trades.json
SOL,15m,2021,Out-of-Sample,48,64.58333333333334,12.653754475500115,1.9884580036104091,4.457448118567973,2.7500126126281046,25.430965653684368,14.678787419905861,0.0,1126.5375447550011,results/round2_backtests/trades/SOL_15m_2021_out_of_sample_trades.json
SOL,15m,2022,In-Sample,133,39.097744360902254,-13.978425758441107,0.8122100760059904,16.845453486214033,-0.9710168620818826,81.09461954875644,51.92210632740425,0.0,860.2157424155889,results/round2_backtests/trades/SOL_15m_2022_in_sample_trades.json
SOL,15m,2022,Out-of-Sample,36,41.66666666666667,1.1197744694627658,1.1583320520237483,6.230592722314451,0.32914472250679755,29.608360971710976,18.24104135700365,0.0,1011.1977446946277,results/round2_backtests/trades/SOL_15m_2022_out_of_sample_trades.json
SOL,15m,2023,In-Sample,137,35.03649635036496,-23.13859776737878,0.69547739759543,24.704419671719364,-1.6880724094619501,105.40655494687921,66.26368516619456,0.0,768.6140223262122,results/round2_backtests/trades/SOL_15m_2023_in_sample_trades.json
SOL,15m,2023,Out-of-Sample,37,48.64864864864865,-4.516411325334218,0.7526680199346388,8.123394432770114,-1.0477406849260291,19.934396516681748,12.462492484512644,0.0,954.8358867466578,results/round2_backtests/trades/SOL_15m_2023_out_of_sample_trades.json
SOL,15m,2024,In-Sample,147,45.57823129251701,13.019517910963419,1.2259954836452127,11.012809188116677,0.8606697655186296,122.88144707293907,72.50281581183037,0.0,1130.1951791096342,results/round2_backtests/trades/SOL_15m_2024_in_sample_trades.json
SOL,15m,2024,Out-of-Sample,51,31.372549019607842,-15.064987497640322,0.4855243476156141,16.397249702144272,-3.626760373867114,36.11951791836535,23.909557865199364,0.0,849.3501250235968,results/round2_backtests/trades/SOL_15m_2024_out_of_sample_trades.json
SOL,15m,2025,In-Sample,161,39.130434782608695,-16.521983196082385,0.8473270838165153,27.7556683955622,-1.0255120453623987,133.4434641175358,82.01461113235749,0.0,834.7801680391761,results/round2_backtests/trades/SOL_15m_2025_in_sample_trades.json
SOL,15m,2025,Out-of-Sample,41,34.146341463414636,-8.073870504338288,0.6694511769152679,10.948734474367383,-1.9224311474239337,39.69211676605477,24.846316680688272,0.0,919.2612949566171,results/round2_backtests/trades/SOL_15m_2025_out_of_sample_trades.json
SOL,1h,2021,In-Sample,26,73.07692307692307,5.495335154942995,1.7627317099739488,3.3226178436905527,1.7241062024641287,4.812147454520597,2.9579974106152433,0.0,1054.95335154943,results/round2_backtests/trades/SOL_1h_2021_in_sample_trades.json
SOL,1h,2021,Out-of-Sample,9,55.55555555555556,-0.8529978491739711,0.8123017039759758,3.8686145690491407,-0.9862619472113283,2.484200177579751,1.5988627759438923,0.0,991.4700215082603,results/round2_backtests/trades/SOL_1h_2021_out_of_sample_trades.json
SOL,1h,2022,In-Sample,27,51.85185185185185,-3.779734711612628,0.7349333976598914,9.777379628129374,-1.1058179480848698,8.377673179995607,5.226553537506285,0.0,962.2026528838737,results/round2_backtests/trades/SOL_1h_2022_in_sample_trades.json
SOL,1h,2022,Out-of-Sample,3,100.0,0.7590728611423969,99.0,1.525362322410559,1.367926824504677,0.901336035237773,0.6260844712816053,0.0,1007.590728611424,results/round2_backtests/trades/SOL_1h_2022_out_of_sample_trades.json
SOL,1h,2023,In-Sample,30,60.0,4.775496977452917,1.3850506230002038,4.092466882653101,1.312180710564865,14.808806411658834,8.75454704230089,0.0,1047.7549697745292,results/round2_backtests/trades/SOL_1h_2023_in_sample_trades.json
SOL,1h,2023,Out-of-Sample,8,87.5,6.474571097162629,6.977884422124214,1.5197699692054254,6.274207794676878,1.326135096560307,0.6440256417644288,0.0,1064.7457109716263,results/round2_backtests/trades/SOL_1h_2023_out_of_sample_trades.json
SOL,1h,2024,In-Sample,28,71.42857142857143,10.162121242734338,2.377063343031936,4.290872619576868,3.145919751352618,10.68580356103779,5.772614944821985,0.0,1101.6212124273434,results/round2_backtests/trades/SOL_1h_2024_in_sample_trades.json
SOL,1h,2024,Out-of-Sample,4,25.0,-0.7856172604305812,0.7714350897587255,3.1816589826306583,-1.2929020758069978,1.529685849259141,0.9138192692976355,0.0,992.1438273956942,results/round2_backtests/trades/SOL_1h_2024_out_of_sample_trades.json
SOL,1h,2025,In-Sample,29,58.620689655172406,3.870041209541091,1.3170133384442233,6.803359915683446,1.237636875604431,12.581296370583454,7.276756418723942,0.0,1038.700412095411,results/round2_backtests/trades/SOL_1h_2025_in_sample_trades.json
SOL,1h,2025,Out-of-Sample,4,50.0,-2.0801399968699683,0.04095213033158626,2.1686964383051928,-4.9764052080767724,1.6986643389786797,1.2137829443341517,0.0,979.1986000313003,results/round2_backtests/trades/SOL_1h_2025_out_of_sample_trades.json
UNIUSDT,15m,2021,In-Sample,145,50.3448275862069,-17.270555401109256,0.7634818297601337,26.864613981406286,-1.149312629860611,58.89745164722551,37.56311394394496,0.0,827.2944459889075,results/round2_backtests/trades/UNIUSDT_15m_2021_in_sample_trades.json
UNIUSDT,15m,2021,Out-of-Sample,35,42.857142857142854,1.910352620201786,1.1510313237805343,4.7548084851307655,0.5594231324984286,24.964240381902556,14.732066990081865,0.0,1019.1035262020179,results/round2_backtests/trades/UNIUSDT_15m_2021_out_of_sample_trades.json
UNIUSDT,15m,2022,In-Sample,123,43.90243902439025,-18.57244793793742,0.7054005244178386,21.09677583128309,-1.460542827407634,64.34681481121359,41.38290747860393,0.0,814.2755206206258,results/round2_backtests/trades/UNIUSDT_15m_2022_in_sample_trades.json
UNIUSDT,15m,2022,Out-of-Sample,32,31.25,-7.738312067126514,0.4999671286874913,8.992368561729094,-2.1391369340704007,27.629549436151713,18.14071436803763,0.0,922.6168793287349,results/round2_backtests/trades/UNIUSDT_15m_2022_out_of_sample_trades.json
UNIUSDT,15m,2023,In-Sample,144,32.63888888888889,-15.700551576552197,0.8209252352046882,17.134084268241388,-1.0674814870078009,152.40675409787394,96.0822832647291,0.0,842.994484234478,results/round2_backtests/trades/UNIUSDT_15m_2023_in_sample_trades.json
UNIUSDT,15m,2023,Out-of-Sample,55,36.36363636363637,-9.83116322947568,0.6662014941212159,16.829156412060975,-2.268648820321712,33.98703053415502,21.899686709362093,0.0,901.6883677052432,results/round2_backtests/trades/UNIUSDT_15m_2023_out_of_sample_trades.json
UNIUSDT,15m,2024,In-Sample,164,39.02439024390244,-13.564639477604997,0.857892305503984,21.910626027976768,-0.8194871979251079,117.80383038169522,74.1874170139766,0.0,864.35360522395,results/round2_backtests/trades/UNIUSDT_15m_2024_in_sample_trades.json
UNIUSDT,15m,2024,Out-of-Sample,46,41.30434782608695,-5.2194737958948165,0.8161425587014163,11.370865789329704,-1.1997527145151297,25.582864217462287,16.0893909072991,0.0,947.8052620410518,results/round2_backtests/trades/UNIUSDT_15m_2024_out_of_sample_trades.json
UNIUSDT,15m,2025,In-Sample,180,32.77777777777778,-38.30195103825657,0.5658602606895538,42.062685092514684,-2.8083522533375573,102.63109677808596,65.87337714204286,0.0,616.9804896174343,results/round2_backtests/trades/UNIUSDT_15m_2025_in_sample_trades.json
UNIUSDT,15m,2025,Out-of-Sample,45,33.33333333333333,-11.943896929191316,0.5858327141977,14.08723548490573,-2.993029137309161,33.983673995905704,21.85418210656496,0.0,880.5610307080868,results/round2_backtests/trades/UNIUSDT_15m_2025_out_of_sample_trades.json
UNIUSDT,1h,2021,In-Sample,31,61.29032258064516,3.2609473459950093,1.276821030480143,5.566027194267373,0.9613970131443107,6.1459906363354895,3.760347413141468,0.0,1032.60947345995,results/round2_backtests/trades/UNIUSDT_1h_2021_in_sample_trades.json
UNIUSDT,1h,2021,Out-of-Sample,8,62.5,0.9189043632508742,1.3125414581186248,3.3096299308368375,1.1709106292635998,2.0055670423458594,1.2173303646376303,0.0,1009.1890436325087,results/round2_backtests/trades/UNIUSDT_1h_2021_out_of_sample_trades.json
UNIUSDT,1h,2022,In-Sample,16,62.5,4.307043856127097,1.6973462828442076,2.7348734523507283,1.7622768072618162,4.080216898722334,2.3386274830330294,0.0,1043.070438561271,results/round2_backtests/trades/UNIUSDT_1h_2022_in_sample_trades.json
UNIUSDT,1h,2022,Out-of-Sample,8,62.5,-2.299589317676123,0.3029078023757662,3.2725125786798115,-2.597019286537195,3.4155657155758306,2.368390243454733,0.0,977.0041068232388,results/round2_backtests/trades/UNIUSDT_1h_2022_out_of_sample_trades.json
UNIUSDT,1h,2023,In-Sample,39,56.41025641025641,-0.5399516268128082,1.0117598242390682,8.401719618953972,-0.04246577293666629,23.277907057507015,13.979023772329242,0.0,994.6004837318719,results/round2_backtests/trades/UNIUSDT_1h_2023_in_sample_trades.json
UNIUSDT,1h,2023,Out-of-Sample,7,71.42857142857143,1.2343347108750549,1.6246228992483878,2.394344435538643,1.2468881185547995,2.2930911912685943,1.4016708439566348,0.0,1012.3433471087505,results/round2_backtests/trades/UNIUSDT_1h_2023_out_of_sample_trades.json
UNIUSDT,1h,2024,In-Sample,40,65.0,13.17125859329749,2.0008141122189125,3.5177723451686225,3.0654274045777465,14.987087536367007,8.681885550443695,0.0,1131.712585932975,results/round2_backtests/trades/UNIUSDT_1h_2024_in_sample_trades.json
UNIUSDT,1h,2024,Out-of-Sample,9,55.55555555555556,1.7307573907637448,1.5345029503987806,2.6985203147784813,2.070441042768514,2.112262561022182,1.1078024232419983,0.0,1017.3075739076374,results/round2_backtests/trades/UNIUSDT_1h_2024_out_of_sample_trades.json
UNIUSDT,1h,2025,In-Sample,35,60.0,-0.05171746971337825,1.02736932347416,6.696598365553904,0.05023236940676056,13.808297748756663,8.586888051997304,0.0,999.4828253028662,results/round2_backtests/trades/UNIUSDT_1h_2025_in_sample_trades.json
UNIUSDT,1h,2025,Out-of-Sample,10,70.0,2.3119136535421605,1.7456998891970308,3.2193836800297295,2.2887701444359174,3.7152957312626924,2.1750567398077063,0.0,1023.1191365354216,results/round2_backtests/trades/UNIUSDT_1h_2025_out_of_sample_trades.json
NEAR,15m,2021,In-Sample,135,54.074074074074076,-8.229105863888755,0.8975691730573027,14.062986588763222,-0.54291758006524,56.31605423371426,35.68936990990884,0.0,917.7089413611125,results/round2_backtests/trades/NEAR_15m_2021_in_sample_trades.json
NEAR,15m,2021,Out-of-Sample,33,48.484848484848484,-2.696931374311009,0.8491162756414437,8.789674064766873,-0.6538280984070124,15.41758953555055,9.654111473085825,0.0,973.0306862568899,results/round2_backtests/trades/NEAR_15m_2021_out_of_sample_trades.json
NEAR,15m,2022,In-Sample,163,49.079754601226995,-18.686013257538228,0.7648473242261087,22.35676051331533,-1.1947652787856375,82.845978645345,52.36051590947272,0.0,813.1398674246177,results/round2_backtests/trades/NEAR_15m_2022_in_sample_trades.json
NEAR,15m,2022,Out-of-Sample,39,38.46153846153847,-4.749959136467817,0.7929247252868116,9.533795250042957,-1.2182512219248316,32.04317691714971,20.05269612340499,0.0,952.5004086353218,results/round2_backtests/trades/NEAR_15m_2022_out_of_sample_trades.json
NEAR,15m,2023,In-Sample,127,41.732283464566926,11.855928146692305,1.2778209036717596,10.776486021381274,0.8254855108732848,122.25768211883546,71.19173311577195,0.0,1118.559281466923,results/round2_backtests/trades/NEAR_15m_2023_in_sample_trades.json
NEAR,15m,2023,Out-of-Sample,34,41.17647058823529,-8.309939664942817,0.5593579995373896,10.150060704001461,-2.1338021282461677,17.110790617234166,10.886530292779987,0.0,916.9006033505718,results/round2_backtests/trades/NEAR_15m_2023_out_of_sample_trades.json
NEAR,15m,2024,In-Sample,164,46.95121951219512,-8.512422293679025,0.922661294282571,23.659015312303577,-0.4789977692982791,94.78894773567285,58.37102971930546,0.0,914.8757770632097,results/round2_backtests/trades/NEAR_15m_2024_in_sample_trades.json
NEAR,15m,2024,Out-of-Sample,39,53.84615384615385,-1.9925448649927375,0.9026405782037529,6.376608610049502,-0.4558827092853937,23.736492272067135,15.448269882320819,0.0,980.0745513500726,results/round2_backtests/trades/NEAR_15m_2024_out_of_sample_trades.json
NEAR,15m,2025,In-Sample,157,43.94904458598726,-2.627239513316863,1.0089335447734686,13.923953612491962,-0.09770299882474237,101.52182975598177,62.18660505460674,0.0,973.7276048668314,results/round2_backtests/trades/NEAR_15m_2025_in_sample_trades.json
NEAR,15m,2025,Out-of-Sample,27,37.03703703703704,-10.354646154382351,0.3455765997301368,10.360547345750616,-3.387653782930874,19.440354545615136,12.79216632197114,0.0,896.4535384561765,results/round2_backtests/trades/NEAR_15m_2025_out_of_sample_trades.json
NEAR,1h,2021,In-Sample,35,45.714285714285715,-6.7971123221010314,0.645149297382379,11.38166743938708,-1.7527266311655718,6.523286480524792,4.201439446124437,0.0,932.0288767789897,results/round2_backtests/trades/NEAR_1h_2021_in_sample_trades.json
NEAR,1h,2021,Out-of-Sample,4,100.0,6.688925643717812,99.0,1.2070057871903703,9.439631861110026,0.5496665099201501,0.12374544534539338,0.0,1066.8892564371781,results/round2_backtests/trades/NEAR_1h_2021_out_of_sample_trades.json
NEAR,1h,2022,In-Sample,40,60.0,-2.535500892167374,0.8615038259092282,12.136969983176138,-0.5038093667074652,9.523259946971883,5.793705165111087,0.0,974.6449910783263,results/round2_backtests/trades/NEAR_1h_2022_in_sample_trades.json
NEAR,1h,2022,Out-of-Sample,10,50.0,-4.329949907392631,0.1878463692949752,4.6126009072361756,-5.6242788432767865,3.3046166416160534,2.2938620485578305,0.0,956.7005009260737,results/round2_backtests/trades/NEAR_1h_2022_out_of_sample_trades.json
NEAR,1h,2023,In-Sample,43,51.162790697674424,-12.9190359450512,0.3810803464921479,15.205511232892297,-3.494422861771372,19.415149011820656,13.00199343973682,0.0,870.809640549488,results/round2_backtests/trades/NEAR_1h_2023_in_sample_trades.json
NEAR,1h,2023,Out-of-Sample,7,71.42857142857143,6.242169818521324,3.8290117906949668,2.225601437704687,6.7434329860176065,1.8200343495249034,0.7825347453075159,0.0,1062.4216981852132,results/round2_backtests/trades/NEAR_1h_2023_out_of_sample_trades.json
NEAR,1h,2024,In-Sample,38,57.89473684210527,3.9891170171963948,1.2483310168438089,5.460553251805725,1.0758513742671425,11.446542146556435,6.535377505528616,0.0,1039.891170171964,results/round2_backtests/trades/NEAR_1h_2024_in_sample_trades.json
NEAR,1h,2024,Out-of-Sample,9,66.66666666666666,-2.078157401373596,0.3514859417812915,2.5358555697673486,-2.092697782298884,2.313335396316894,1.6121858132595657,0.0,979.218425986264,results/round2_backtests/trades/NEAR_1h_2024_out_of_sample_trades.json
NEAR,1h,2025,In-Sample,37,62.16216216216216,4.139274628084558,1.2894343303065234,6.756798874679179,1.1147772013232293,12.505636617013149,7.787377107368454,0.0,1041.3927462808456,results/round2_backtests/trades/NEAR_1h_2025_in_sample_trades.json
NEAR,1h,2025,Out-of-Sample,7,71.42857142857143,1.9322344705982233,1.9403401179873179,1.7922857523918079,2.4001197776248913,2.2723851762000797,1.3128072578402366,0.0,1019.3223447059822,results/round2_backtests/trades/NEAR_1h_2025_out_of_sample_trades.json
XAUUSD,15m,2021,In-Sample,127,22.83464566929134,-41.65471748763176,0.3678069795922969,43.46005290125651,-5.7561182724259465,247.02259088829283,156.18500417248856,0.0,583.4528251236825,results/round2_backtests/trades/XAUUSD_15m_2021_in_sample_trades.json
XAUUSD,15m,2021,Out-of-Sample,36,13.88888888888889,-19.52524792935086,0.14241557620755668,19.52524792935086,-5.447048701886055,85.43494458643359,56.971358048174395,0.0,804.7475207064914,results/round2_backtests/trades/XAUUSD_15m_2021_out_of_sample_trades.json
XAUUSD,15m,2022,In-Sample,107,22.429906542056074,-40.91874786771192,0.3348275008725856,40.975685537878434,-6.351615782894956,213.26461580354524,136.3566714760465,0.0,590.8125213228808,results/round2_backtests/trades/XAUUSD_15m_2022_in_sample_trades.json
XAUUSD,15m,2022,Out-of-Sample,26,30.76923076923077,-10.326276871302117,0.436137717830514,10.57797496472159,-5.318320874393032,59.30857701242074,35.844211966430244,0.0,896.7372312869788,results/round2_backtests/trades/XAUUSD_15m_2022_out_of_sample_trades.json
XAUUSD,15m,2023,In-Sample,118,31.35593220338983,-25.616698129908777,0.6128403408445938,28.691321740504495,-3.8502718696724827,253.04751927154618,150.4462715842242,0.0,743.8330187009122,results/round2_backtests/trades/XAUUSD_15m_2023_in_sample_trades.json
XAUUSD,15m,2023,Out-of-Sample,21,28.57142857142857,-8.075857522092747,0.2709265083230532,10.3119601617192,-4.784127885016586,50.948729721331176,31.474661753718525,0.0,919.2414247790725,results/round2_backtests/trades/XAUUSD_15m_2023_out_of_sample_trades.json
XAUUSD,15m,2024,In-Sample,120,25.833333333333336,-34.897804611843355,0.4596719315011698,35.173169803113886,-4.756067489842451,249.74192918991525,156.59176885853537,0.0,651.0219538815664,results/round2_backtests/trades/XAUUSD_15m_2024_in_sample_trades.json
XAUUSD,15m,2024,Out-of-Sample,35,28.57142857142857,-7.303706835375079,0.740866591382396,8.47497501300431,-3.0371629277380587,81.29401323417233,48.24168419012853,0.0,926.9629316462492,results/round2_backtests/trades/XAUUSD_15m_2024_out_of_sample_trades.json
XAUUSD,15m,2025,In-Sample,115,28.695652173913043,-35.79637837452469,0.4531232684277649,36.869387689966246,-4.7414555063039145,232.5984523631891,142.64102267808337,0.0,642.0362162547531,results/round2_backtests/trades/XAUUSD_15m_2025_in_sample_trades.json
XAUUSD,15m,2025,Out-of-Sample,30,26.666666666666668,-3.5077540633264563,0.9068289993609382,5.617427080970037,-1.2480949272237225,66.16309205210759,40.09740740077535,0.0,964.9224593667354,results/round2_backtests/trades/XAUUSD_15m_2025_out_of_sample_trades.json
XAUUSD,1h,2021,In-Sample,28,28.57142857142857,-7.566576282539632,0.5740387480368486,9.181845837015294,-2.617892240298679,53.58243822123244,34.346632196899435,0.0,924.3342371746037,results/round2_backtests/trades/XAUUSD_1h_2021_in_sample_trades.json
XAUUSD,1h,2021,Out-of-Sample,7,57.14285714285714,0.7616332838047014,1.4348244581478289,4.853747173861013,0.7407665248982005,14.708723906796498,8.187541489521557,0.0,1007.616332838047,results/round2_backtests/trades/XAUUSD_1h_2021_out_of_sample_trades.json
XAUUSD,1h,2022,In-Sample,29,48.275862068965516,7.94085177499851,1.757389616086138,7.68585518150252,2.659413593367794,50.364090819763234,26.54020433489592,0.0,1079.408517749985,results/round2_backtests/trades/XAUUSD_1h_2022_in_sample_trades.json
XAUUSD,1h,2022,Out-of-Sample,6,16.666666666666664,-3.2937842891116933,0.45448566889456044,5.489964279394697,-5.181273464339958,11.95027306365334,7.783039624689819,0.0,967.0621571088831,results/round2_backtests/trades/XAUUSD_1h_2022_out_of_sample_trades.json
XAUUSD,1h,2023,In-Sample,24,25.0,-11.230261842387462,0.4356621534102626,14.19226763330929,-4.525190166139838,46.433918111125855,29.363247602098486,0.0,887.6973815761254,results/round2_backtests/trades/XAUUSD_1h_2023_in_sample_trades.json
XAUUSD,1h,2023,Out-of-Sample,3,66.66666666666666,0.5126737427713237,6.418184021543007,0.87762075252431,1.2167014096610924,5.923035781186268,3.0857018623903008,0.0,1005.1267374277132,results/round2_backtests/trades/XAUUSD_1h_2023_out_of_sample_trades.json
XAUUSD,1h,2024,In-Sample,30,13.333333333333334,-15.05469402516743,0.343968367047196,17.46805609952167,-5.562809504460927,55.779533345949474,37.04729211834061,0.0,849.4530597483257,results/round2_backtests/trades/XAUUSD_1h_2024_in_sample_trades.json
XAUUSD,1h,2024,Out-of-Sample,5,20.0,-1.7186808330400138,0.31288688584501756,2.4287305041904688,-2.2112437488271706,10.745241884944583,7.32536236015657,0.0,982.8131916695999,results/round2_backtests/trades/XAUUSD_1h_2024_out_of_sample_trades.json
XAUUSD,1h,2025,In-Sample,23,39.130434782608695,-3.0965408452937937,0.8721440793811814,6.493583789830437,-1.215930331409358,38.67209880554991,22.263720878537487,0.0,969.0345915470621,results/round2_backtests/trades/XAUUSD_1h_2025_in_sample_trades.json
XAUUSD,1h,2025,Out-of-Sample,8,50.0,1.6890729381506164,1.7922779492152314,2.899479476656874,2.199498703165023,8.83955759414168,4.623149486389112,0.0,1016.8907293815062,results/round2_backtests/trades/XAUUSD_1h_2025_out_of_sample_trades.json
USOUSD,15m,2021,In-Sample,111,30.630630630630627,-29.488897877270233,0.6046439199545108,31.9175075129801,-3.244948526464004,165.0847513155095,101.34224503053653,0.0,705.1110212272977,results/round2_backtests/trades/USOUSD_15m_2021_in_sample_trades.json
USOUSD,15m,2021,Out-of-Sample,30,26.666666666666668,-10.194264527035283,0.4240691378148119,12.811037811292636,-3.8109072787580196,50.134332188245494,32.33658390896586,0.0,898.0573547296472,results/round2_backtests/trades/USOUSD_15m_2021_out_of_sample_trades.json
USOUSD,15m,2022,In-Sample,123,25.203252032520325,-35.2903179906706,0.5004463561972053,35.62817080899758,-3.701608337444488,126.92005882148428,82.40398201654583,0.0,647.096820093294,results/round2_backtests/trades/USOUSD_15m_2022_in_sample_trades.json
USOUSD,15m,2022,Out-of-Sample,36,33.33333333333333,2.137502260708004,1.2462159822842935,9.930902357588673,0.7908795650801396,56.75924780291607,35.22571020344834,0.0,1021.37502260708,results/round2_backtests/trades/USOUSD_15m_2022_out_of_sample_trades.json
USOUSD,15m,2023,In-Sample,148,31.08108108108108,-31.3769029547688,0.6462906201938018,33.5791617946442,-2.8688815475932214,241.38545569172686,150.0795092896235,0.0,686.230970452312,results/round2_backtests/trades/USOUSD_15m_2023_in_sample_trades.json
USOUSD,15m,2023,Out-of-Sample,28,21.428571428571427,-11.649335991269993,0.38253200596085346,15.733773447327337,-4.64561859483871,51.452087896486226,33.431311883265614,0.0,883.5066400873001,results/round2_backtests/trades/USOUSD_15m_2023_out_of_sample_trades.json
USOUSD,15m,2024,In-Sample,136,26.47058823529412,-43.58080637151026,0.3889210650415937,45.80769611020757,-4.779653943252056,212.8686451841142,136.4984352541933,0.0,564.1919362848973,results/round2_backtests/trades/USOUSD_15m_2024_in_sample_trades.json
USOUSD,15m,2024,Out-of-Sample,38,31.57894736842105,-11.999975337552792,0.5522108114137289,13.360914388617473,-4.356615356598199,78.17347291112365,48.579664440763715,0.0,880.0002466244721,results/round2_backtests/trades/USOUSD_15m_2024_out_of_sample_trades.json
USOUSD,15m,2025,In-Sample,115,35.65217391304348,-21.927402778099893,0.73198469832422,25.06459953606627,-2.1122672062442582,199.15184918196465,120.11959142350264,0.0,780.725972219001,results/round2_backtests/trades/USOUSD_15m_2025_in_sample_trades.json
USOUSD,15m,2025,Out-of-Sample,29,37.93103448275862,-6.919536927951605,0.6924171135704931,11.52385923716421,-2.446733957070948,56.437440856282755,33.9232543358909,0.0,930.8046307204839,results/round2_backtests/trades/USOUSD_15m_2025_out_of_sample_trades.json
USOUSD,1h,2021,In-Sample,21,52.38095238095239,7.09072410349936,1.6186858444010181,5.8247585151054455,2.5197419018274143,21.062984765190635,10.788658626042766,0.0,1070.9072410349936,results/round2_backtests/trades/USOUSD_1h_2021_in_sample_trades.json
USOUSD,1h,2021,Out-of-Sample,10,50.0,2.2649604173007107,1.552655811507894,2.0181132308239103,2.3019305348250088,8.167386360539801,4.200101622367533,0.0,1022.6496041730071,results/round2_backtests/trades/USOUSD_1h_2021_out_of_sample_trades.json
USOUSD,1h,2022,In-Sample,26,50.0,2.363124929605192,1.211873783129855,5.782513388711908,0.9050221629559421,16.470664978920134,10.045424988024807,0.0,1023.6312492960519,results/round2_backtests/trades/USOUSD_1h_2022_in_sample_trades.json
USOUSD,1h,2022,Out-of-Sample,13,46.15384615384615,-2.8486847445458463,0.6019904046355639,3.3784287681627854,-2.961691415177711,8.193468973496786,5.216414503842584,0.0,971.5131525545415,results/round2_backtests/trades/USOUSD_1h_2022_out_of_sample_trades.json
USOUSD,1h,2023,In-Sample,33,48.484848484848484,6.928893869150533,1.6006742717350975,5.693146561415933,2.181056068252957,33.24775821338224,18.570752693304367,0.0,1069.2889386915053,results/round2_backtests/trades/USOUSD_1h_2023_in_sample_trades.json
USOUSD,1h,2023,Out-of-Sample,10,30.0,-0.1569957199783744,1.0251903742572304,4.591111576101232,-0.058851977385332495,10.258900630784625,5.97108590788287,0.0,998.4300428002163,results/round2_backtests/trades/USOUSD_1h_2023_out_of_sample_trades.json
USOUSD,1h,2024,In-Sample,39,30.76923076923077,-11.9524565879737,0.5902318153574159,15.458446899039307,-3.220327310689584,44.957082570254904,27.988120491927756,0.0,880.475434120263,results/round2_backtests/trades/USOUSD_1h_2024_in_sample_trades.json
USOUSD,1h,2024,Out-of-Sample,5,20.0,-1.8645350297456846,0.2977746329674074,2.6188432598336697,-2.992159229252082,5.231958721639758,3.5452841012063843,0.0,981.3546497025432,results/round2_backtests/trades/USOUSD_1h_2024_out_of_sample_trades.json
USOUSD,1h,2025,In-Sample,42,35.714285714285715,1.334734677221684,1.1298252440669967,7.7891710936411656,0.46346297206135906,42.591096146869525,25.447576163637883,0.0,1013.3473467722168,results/round2_backtests/trades/USOUSD_1h_2025_in_sample_trades.json
USOUSD,1h,2025,Out-of-Sample,12,33.33333333333333,-4.785002544940016,0.4580950479113574,4.785002544940016,-4.873269854056796,13.002480008921635,8.225968094204559,0.0,952.1499745505998,results/round2_backtests/trades/USOUSD_1h_2025_out_of_sample_trades.json
GBPUSD,15m,2021,In-Sample,122,22.131147540983605,-37.652330027769814,0.3161160258353822,37.652330027769814,-7.585264333330644,251.12937327040459,153.79168149529082,0.0,623.4766997223019,results/round2_backtests/trades/GBPUSD_15m_2021_in_sample_trades.json
GBPUSD,15m,2021,Out-of-Sample,28,21.428571428571427,-9.531644509567844,0.3210669040294151,9.658596219154981,-6.7995217054139045,66.23340930690071,39.13247873198487,0.0,904.6835549043216,results/round2_backtests/trades/GBPUSD_15m_2021_out_of_sample_trades.json
GBPUSD,15m,2022,In-Sample,126,26.984126984126984,-34.16773435535042,0.36670120741436635,37.32906196319964,-5.679849179048705,249.64877053794763,152.70581935345461,0.0,658.3226564464958,results/round2_backtests/trades/GBPUSD_15m_2022_in_sample_trades.json
GBPUSD,15m,2022,Out-of-Sample,33,33.33333333333333,-12.730389670306726,0.37498427740223744,12.730389670306726,-5.826320508905125,75.86029617392113,46.73901837974387,0.0,872.6961032969327,results/round2_backtests/trades/GBPUSD_15m_2022_out_of_sample_trades.json
GBPUSD,15m,2023,In-Sample,142,24.647887323943664,-40.291272357099594,0.354446724088849,40.66780257876328,-6.761115466980386,292.174401214202,181.9285057082193,0.0,597.0872764290041,results/round2_backtests/trades/GBPUSD_15m_2023_in_sample_trades.json
GBPUSD,15m,2023,Out-of-Sample,37,24.324324324324326,-11.31567562221062,0.33240883907823565,11.31567562221062,-6.6252944979340915,87.86368257446975,53.65041050539074,0.0,886.8432437778938,results/round2_backtests/trades/GBPUSD_15m_2023_out_of_sample_trades.json
GBPUSD,15m,2024,In-Sample,133,21.052631578947366,-37.452980083394024,0.27452123892469216,38.647389344551215,-7.654096146460237,267.3300385395954,164.60007930771496,0.0,625.4701991660597,results/round2_backtests/trades/GBPUSD_15m_2024_in_sample_trades.json
GBPUSD,15m,2024,Out-of-Sample,31,16.129032258064516,-12.008890189473812,0.27601161423033205,12.008890189473812,-8.361746909479592,75.25204361171916,48.5735081088059,0.0,879.9110981052619,results/round2_backtests/trades/GBPUSD_15m_2024_out_of_sample_trades.json
GBPUSD,15m,2025,In-Sample,120,25.0,-34.93610911505873,0.32844538727635,35.6520518281723,-6.50774482551419,232.75138044028782,140.5249523136551,0.0,650.6389088494127,results/round2_backtests/trades/GBPUSD_15m_2025_in_sample_trades.json
GBPUSD,15m,2025,Out-of-Sample,27,25.925925925925924,-6.422085839773797,0.4072197756469863,7.332029132635396,-4.983695622416647,65.13983298502903,38.12477020965148,0.0,935.779141602262,results/round2_backtests/trades/GBPUSD_15m_2025_out_of_sample_trades.json
GBPUSD,1h,2021,In-Sample,32,34.375,-5.357978364026394,0.7987344166975132,8.267659450804626,-2.178972101345053,76.84448176832964,45.5264689272158,0.0,946.4202163597361,results/round2_backtests/trades/GBPUSD_1h_2021_in_sample_trades.json
GBPUSD,1h,2021,Out-of-Sample,11,36.36363636363637,-1.7189627109696175,0.7999444679553839,4.467311489778035,-2.810696028376334,26.65243408549782,15.719481868646755,0.0,982.8103728903038,results/round2_backtests/trades/GBPUSD_1h_2021_out_of_sample_trades.json
GBPUSD,1h,2022,In-Sample,29,37.93103448275862,-8.274661375068979,0.597514414237587,10.393357340519708,-3.163926465814653,63.21531360877571,37.972676712008536,0.0,917.2533862493102,results/round2_backtests/trades/GBPUSD_1h_2022_in_sample_trades.json
GBPUSD,1h,2022,Out-of-Sample,5,20.0,-2.7468579666696087,0.21346784376653305,4.076533077899286,-4.802395182416567,11.9471441097058,8.165139356944183,0.0,972.5314203333039,results/round2_backtests/trades/GBPUSD_1h_2022_out_of_sample_trades.json
GBPUSD,1h,2023,In-Sample,38,42.10526315789473,-9.08371321073804,0.6764754190220921,11.272131392538077,-3.144044132038773,83.46264272928047,48.46091335055942,0.0,909.1628678926196,results/round2_backtests/trades/GBPUSD_1h_2023_in_sample_trades.json
GBPUSD,1h,2023,Out-of-Sample,9,55.55555555555556,-0.5940005104487455,1.0343545350988161,2.735183431328964,-0.8013351754447615,21.687989319685585,12.070480245263258,0.0,994.0599948955125,results/round2_backtests/trades/GBPUSD_1h_2023_out_of_sample_trades.json
GBPUSD,1h,2024,In-Sample,36,30.555555555555557,-15.169004916531161,0.3223628519679247,15.723896405632033,-7.2354717071519605,85.18198320164615,52.36552348230756,0.0,848.3099508346884,results/round2_backtests/trades/GBPUSD_1h_2024_in_sample_trades.json
GBPUSD,1h,2024,Out-of-Sample,7,14.285714285714285,-3.1225047439900324,0.15123798547308168,3.2439651841461545,-5.239975382323623,18.705147427540957,12.799822459302087,0.0,968.7749525600997,results/round2_backtests/trades/GBPUSD_1h_2024_out_of_sample_trades.json
GBPUSD,1h,2025,In-Sample,31,29.03225806451613,-10.64937009070311,0.4704787471661501,10.904912309172175,-4.54719979446081,74.94883718133681,45.34074331898993,0.0,893.5062990929689,results/round2_backtests/trades/GBPUSD_1h_2025_in_sample_trades.json
GBPUSD,1h,2025,Out-of-Sample,10,40.0,-1.278523892432486,0.8797753441180688,4.959014205976971,-1.9157503691927567,24.164246703738193,13.87609502173483,0.0,987.2147610756751,results/round2_backtests/trades/GBPUSD_1h_2025_out_of_sample_trades.json
