symbol,timeframe,strategy,engine,year,is_bars,oos_bars,is_return_pct,is_trades,is_win_rate_pct,is_profit_factor,is_max_dd_pct,is_sharpe,is_pnl,is_fees,is_slippage,oos_return_pct,oos_trades,oos_win_rate_pct,oos_profit_factor,oos_max_dd_pct,oos_sharpe,oos_pnl,oos_fees,oos_slippage
NEAR,15m,v1_internal_factors,QuantCell,2021,27984,6996,135.06644759665036,208,53.84615384615385,0.7250836842477902,28.25972987092885,0.9980994628747971,1350.6644759665037,212.51251271641124,195.58562373345043,141.66359943683483,54,66.66666666666666,1.8854448312245815,11.66369420210567,3.329132407114902,1416.6359943683483,59.84982298412056,51.98728763485589
NEAR,15m,v1_internal_factors,NautilusTrader,2021,27984,6996,135.06644759665036,208,53.84615384615385,0.7250836842477902,28.25972987092885,0.9980994628747971,1350.6644759665037,212.51251271641124,195.58562373345043,141.66359943683483,54,66.66666666666666,1.8854448312245815,11.66369420210567,3.329132407114902,1416.6359943683483,59.84982298412056,51.98728763485589
NEAR,15m,v2_volatility_regime,QuantCell,2021,27984,6996,135.07045331234582,208,53.84615384615385,0.7250863625412156,28.259729870928812,1.000742016485728,1350.704533123458,212.50702306689897,195.58372525394304,157.32009882147176,50,70.0,2.277205115931635,11.663694202105695,3.5844994638268943,1573.2009882147177,58.474058746373906,50.339432544103964
NEAR,15m,v2_volatility_regime,NautilusTrader,2021,27984,6996,135.07045331234582,208,53.84615384615385,0.7250863625412156,28.259729870928812,1.000742016485728,1350.704533123458,212.50702306689897,195.58372525394304,157.32009882147176,50,70.0,2.277205115931635,11.663694202105695,3.5844994638268943,1573.2009882147177,58.474058746373906,50.339432544103964
NEAR,15m,v3_trend_strength,QuantCell,2021,27984,6996,65.05111482355758,160,52.5,0.6246945927060048,28.844896634923877,0.6865332693891244,650.5111482355758,138.85911608364415,128.38249614055817,93.91197486705003,34,70.58823529411765,2.7154768845029262,5.805682294488573,3.242611723603072,939.1197486705003,32.8644366403645,28.63804362373629
NEAR,15m,v3_trend_strength,NautilusTrader,2021,27984,6996,65.05111482355758,160,52.5,0.6246945927060048,28.844896634923877,0.6865332693891244,650.5111482355758,138.85911608364415,128.38249614055817,93.91197486705003,34,70.58823529411765,2.7154768845029262,5.805682294488573,3.242611723603072,939.1197486705003,32.8644366403645,28.63804362373629
NEAR,15m,v1_internal_factors,QuantCell,2022,28032,7008,366.1343315743902,233,51.072961373390555,0.7800325781865681,18.393159318585035,1.624944077898142,3661.343315743902,558.7545997048618,508.85440543140624,-19.52080770650489,54,20.37037037037037,0.3295547715121272,25.564652446458624,-0.9507384296869864,-195.20807706504888,52.950949998124415,49.05630597120618
NEAR,15m,v1_internal_factors,NautilusTrader,2022,28032,7008,366.1343315743902,233,51.072961373390555,0.7800325781865681,18.393159318585035,1.624944077898142,3661.343315743902,558.7545997048618,508.85440543140624,-19.52080770650489,54,20.37037037037037,0.3295547715121272,25.564652446458624,-0.9507384296869864,-195.20807706504888,52.950949998124415,49.05630597120618
NEAR,15m,v2_volatility_regime,QuantCell,2022,28032,7008,375.9967269066885,232,51.293103448275865,0.7901791869601307,16.65932448867088,1.646291201572137,3759.967269066885,561.0800251280497,510.9373369919499,-17.79373105373039,53,20.754716981132077,0.3405265724978547,24.297394821295445,-0.853608037312271,-177.93731053730392,53.13804642804629,49.177564884574785
NEAR,15m,v2_volatility_regime,NautilusTrader,2022,28032,7008,375.9967269066885,232,51.293103448275865,0.7901791869601307,16.65932448867088,1.646291201572137,3759.967269066885,561.0800251280497,510.9373369919499,-17.79373105373039,53,20.754716981132077,0.3405265724978547,24.297394821295445,-0.853608037312271,-177.93731053730392,53.13804642804629,49.177564884574785
NEAR,15m,v3_trend_strength,QuantCell,2022,28032,7008,324.37795164464495,159,53.459119496855344,0.8396479337459576,16.13291914666874,1.7923852593571061,3243.7795164464496,429.86160308731263,387.0759988124632,-2.36616316389941,28,14.285714285714285,0.34490497651289104,14.898097407686487,-0.0695648014420327,-23.661631638994095,24.63064595475979,23.306404003647113
NEAR,15m,v3_trend_strength,NautilusTrader,2022,28032,7008,324.37795164464495,159,53.459119496855344,0.8396479337459576,16.13291914666874,1.7923852593571061,3243.7795164464496,429.86160308731263,387.0759988124632,-2.36616316389941,28,14.285714285714285,0.34490497651289104,14.898097407686487,-0.0695648014420327,-23.661631638994095,24.63064595475979,23.306404003647113
NEAR,15m,v1_internal_factors,QuantCell,2023,28028,7008,157.76058243638204,208,28.365384615384613,0.7371820347642059,25.29165282217503,1.0797487633641103,1577.6058243638204,426.99672123566586,390.3571557008439,-7.444174175297201,56,44.642857142857146,0.3210680716961136,18.106977900457398,-0.25648949819069927,-74.441741752972,74.56816171717331,63.75186635952361
NEAR,15m,v1_internal_factors,NautilusTrader,2023,28028,7008,157.76058243638204,208,28.365384615384613,0.7371820347642059,25.29165282217503,1.0797487633641103,1577.6058243638204,426.99672123566586,390.3571557008439,-7.444174175297201,56,44.642857142857146,0.3210680716961136,18.106977900457398,-0.25648949819069927,-74.441741752972,74.56816171717331,63.75186635952361
NEAR,15m,v2_volatility_regime,QuantCell,2023,28028,7008,174.0257260252172,205,28.780487804878046,0.7567943134538081,24.70263915120515,1.144568220047928,1740.2572602521723,446.04376159036156,407.83770530811637,-9.232819897147134,53,45.28301886792453,0.33844630725529756,16.362176749325705,-0.35666739960899757,-92.32819897147135,57.50726837454852,49.409248134301635
NEAR,15m,v2_volatility_regime,NautilusTrader,2023,28028,7008,174.0257260252172,205,28.780487804878046,0.7567943134538081,24.70263915120515,1.144568220047928,1740.2572602521723,446.04376159036156,407.83770530811637,-9.232819897147134,53,45.28301886792453,0.33844630725529756,16.362176749325705,-0.35666739960899757,-92.32819897147135,57.50726837454852,49.409248134301635
NEAR,15m,v3_trend_strength,QuantCell,2023,28028,7008,29.63937373434819,135,25.185185185185183,0.5696420332461485,21.739880200742775,0.42578655419597855,296.3937373434819,169.7909469716033,156.51813737752835,5.742163691546671,35,42.857142857142854,0.5139100948285942,12.581765425572971,0.3751984940959167,57.421636915466706,59.550291273526256,49.49238646124679
NEAR,15m,v3_trend_strength,NautilusTrader,2023,28028,7008,29.63937373434819,135,25.185185185185183,0.5696420332461485,21.739880200742775,0.42578655419597855,296.3937373434819,169.7909469716033,156.51813737752835,5.742163691546671,35,42.857142857142854,0.5139100948285942,12.581765425572971,0.3751984940959167,57.421636915466706,59.550291273526256,49.49238646124679
NEAR,15m,v1_internal_factors,QuantCell,2024,28108,7028,543.4884045178964,218,50.0,1.1222731355730675,21.018287076836323,1.947355995272851,5434.884045178963,501.46159509581514,448.6813565938159,10.619817232210744,57,43.859649122807014,0.43741600819875726,12.412689861866323,0.5217348915767981,106.19817232210744,114.10716028472594,101.01698124931498
NEAR,15m,v1_internal_factors,NautilusTrader,2024,28108,7028,543.4884045178964,218,50.0,1.1222731355730675,21.018287076836323,1.947355995272851,5434.884045178963,501.46159509581514,448.6813565938159,10.619817232210744,57,43.859649122807014,0.43741600819875726,12.412689861866323,0.5217348915767981,106.19817232210744,114.10716028472594,101.01698124931498
NEAR,15m,v2_volatility_regime,QuantCell,2024,28108,7028,554.4638545917545,215,50.23255813953489,1.147232064214644,21.018287076836323,1.972130028312888,5544.638545917545,495.57813504608805,443.2079029869911,15.641259134830307,56,44.642857142857146,0.47347264876771117,10.046905110981523,0.70624244572282,156.41259134830307,103.7782865253363,90.58109064708376
NEAR,15m,v2_volatility_regime,NautilusTrader,2024,28108,7028,554.4638545917545,215,50.23255813953489,1.147232064214644,21.018287076836323,1.972130028312888,5544.638545917545,495.57813504608805,443.2079029869911,15.641259134830307,56,44.642857142857146,0.47347264876771117,10.046905110981523,0.70624244572282,156.41259134830307,103.7782865253363,90.58109064708376
NEAR,15m,v3_trend_strength,QuantCell,2024,28108,7028,339.5487630229415,158,48.734177215189874,1.1318500855771714,12.00083312661838,1.7621688490007092,3395.487630229415,282.1667150918795,251.51465966441165,22.53531567983266,41,39.02439024390244,0.6798701895655758,9.85062986143787,0.990919650564774,225.3531567983266,109.6033848652092,95.26505016168805
NEAR,15m,v3_trend_strength,NautilusTrader,2024,28108,7028,339.5487630229415,158,48.734177215189874,1.1318500855771714,12.00083312661838,1.7621688490007092,3395.487630229415,282.1667150918795,251.51465966441165,22.53531567983266,41,39.02439024390244,0.6798701895655758,9.85062986143787,0.990919650564774,225.3531567983266,109.6033848652092,95.26505016168805
NEAR,15m,v1_internal_factors,QuantCell,2025,28032,7008,375.8274151688405,220,42.72727272727273,1.0266278176727377,18.966677422504446,1.6496671725533925,3758.2741516884053,407.24164928237104,365.6352413560293,5.198202248671646,51,41.17647058823529,0.6117556940897009,17.624479756199925,0.33135985783595207,51.98202248671646,53.313389963828726,50.11127833582735
NEAR,15m,v1_internal_factors,NautilusTrader,2025,28032,7008,375.8274151688405,220,42.72727272727273,1.0266278176727377,18.966677422504446,1.6496671725533925,3758.2741516884053,407.24164928237104,365.6352413560293,5.198202248671646,51,41.17647058823529,0.6117556940897009,17.624479756199925,0.33135985783595207,51.98202248671646,53.313389963828726,50.11127833582735
NEAR,15m,v2_volatility_regime,QuantCell,2025,28032,7008,385.94082316701076,219,42.922374429223744,1.0453227679500348,18.966677422504446,1.6713170916237785,3859.408231670108,409.3695959006045,367.3556261397418,7.449092091026932,50,42.0,0.6339756661701474,15.861919010749073,0.4325162611129765,74.49092091026932,53.11405364106156,49.8877680949143
NEAR,15m,v2_volatility_regime,NautilusTrader,2025,28032,7008,385.94082316701076,219,42.922374429223744,1.0453227679500348,18.966677422504446,1.6713170916237785,3859.408231670108,409.3695959006045,367.3556261397418,7.449092091026932,50,42.0,0.6339756661701474,15.861919010749073,0.4325162611129765,74.49092091026932,53.11405364106156,49.8877680949143
NEAR,15m,v3_trend_strength,QuantCell,2025,28032,7008,334.6227308130242,173,40.46242774566474,0.8496902439250741,15.754489126945973,1.6994776980866877,3346.227308130242,459.77604405029285,413.63750505412554,-1.4147983363434833,37,40.54054054054054,0.41698321818611667,21.803880457530266,0.008021713163572468,-14.147983363434832,43.357150371769386,41.5616588231694
NEAR,15m,v3_trend_strength,NautilusTrader,2025,28032,7008,334.6227308130242,173,40.46242774566474,0.8496902439250741,15.754489126945973,1.6994776980866877,3346.227308130242,459.77604405029285,413.63750505412554,-1.4147983363434833,37,40.54054054054054,0.41698321818611667,21.803880457530266,0.008021713163572468,-14.147983363434832,43.357150371769386,41.5616588231694
NEAR,1h,v1_internal_factors,QuantCell,2021,6998,1750,31.1735975719494,17,64.70588235294117,1.933621982166223,12.060343041417394,1.8375819138125304,311.73597571949404,13.692520630107419,12.254643413395845,19.95291878572011,6,83.33333333333334,5.800912255986144,3.119380219118845,3.954786329859233,199.52918785720112,5.21787955949265,4.63108703456032
NEAR,1h,v1_internal_factors,NautilusTrader,2021,6998,1750,31.1735975719494,17,64.70588235294117,1.933621982166223,12.060343041417394,1.8375819138125304,311.73597571949404,13.692520630107419,12.254643413395845,19.95291878572011,6,83.33333333333334,5.800912255986144,3.119380219118845,3.954786329859233,199.52918785720112,5.21787955949265,4.63108703456032
NEAR,1h,v2_volatility_regime,QuantCell,2021,6998,1750,37.48637510895653,15,73.33333333333333,2.920594375124324,7.82821476761789,2.1901424290602023,374.8637510895653,10.667365772679975,9.18040773385998,19.95291878572011,6,83.33333333333334,5.800912255986144,3.119380219118845,3.954786329859233,199.52918785720112,5.21787955949265,4.63108703456032
NEAR,1h,v2_volatility_regime,NautilusTrader,2021,6998,1750,37.48637510895653,15,73.33333333333333,2.920594375124324,7.82821476761789,2.1901424290602023,374.8637510895653,10.667365772679975,9.18040773385998,19.95291878572011,6,83.33333333333334,5.800912255986144,3.119380219118845,3.954786329859233,199.52918785720112,5.21787955949265,4.63108703456032
NEAR,1h,v3_trend_strength,QuantCell,2021,6998,1750,21.996342530574452,12,66.66666666666666,2.0595660784022636,6.777484109704915,1.7479178468961964,219.96342530574452,10.881174978503758,9.773301357267398,3.2654466392209085,2,100.0,99.0,3.198766577050835,1.1751023327867083,32.65446639220909,3.1544236015359015,3.0542533842294857
NEAR,1h,v3_trend_strength,NautilusTrader,2021,6998,1750,21.996342530574452,12,66.66666666666666,2.0595660784022636,6.777484109704915,1.7479178468961964,219.96342530574452,10.881174978503758,9.773301357267398,3.2654466392209085,2,100.0,99.0,3.198766577050835,1.1751023327867083,32.65446639220909,3.1544236015359015,3.0542533842294857
NEAR,1h,v1_internal_factors,QuantCell,2022,7008,1752,31.029596420888627,26,65.38461538461539,1.1779954592269986,11.08025071069437,1.5147304787572118,310.2959642088863,20.553555717416543,18.47559430848236,-8.95074028015614,9,55.55555555555556,0.029994299428348317,10.915499186487857,-2.835346490528647,-89.5074028015614,10.342224026505335,10.342206820761074
NEAR,1h,v1_internal_factors,NautilusTrader,2022,7008,1752,31.029596420888627,26,65.38461538461539,1.1779954592269986,11.08025071069437,1.5147304787572118,310.2959642088863,20.553555717416543,18.47559430848236,-8.95074028015614,9,55.55555555555556,0.029994299428348317,10.915499186487857,-2.835346490528647,-89.5074028015614,10.342224026505335,10.342206820761074
NEAR,1h,v2_volatility_regime,QuantCell,2022,7008,1752,33.84749856729734,25,68.0,1.3030369546985607,11.080250710694367,1.6390594457436423,338.4749856729734,20.22231623105877,18.120380701843963,-8.95074028015614,9,55.55555555555556,0.029994299428348317,10.915499186487857,-2.835346490528647,-89.5074028015614,10.342224026505335,10.342206820761074
NEAR,1h,v2_volatility_regime,NautilusTrader,2022,7008,1752,33.84749856729734,25,68.0,1.3030369546985607,11.080250710694367,1.6390594457436423,338.4749856729734,20.22231623105877,18.120380701843963,-8.95074028015614,9,55.55555555555556,0.029994299428348317,10.915499186487857,-2.835346490528647,-89.5074028015614,10.342224026505335,10.342206820761074
NEAR,1h,v3_trend_strength,QuantCell,2022,7008,1752,9.71287548628427,14,71.42857142857143,0.7759856537253415,5.323933356449826,0.774802644718819,97.1287548628427,9.649962994552862,8.961176903351042,-4.258773337564071,6,66.66666666666666,0.03957118697147706,6.32478055571114,-1.7465577102279817,-42.58773337564071,3.9721139760273205,3.972105315148224
NEAR,1h,v3_trend_strength,NautilusTrader,2022,7008,1752,9.71287548628427,14,71.42857142857143,0.7759856537253415,5.323933356449826,0.774802644718819,97.1287548628427,9.649962994552862,8.961176903351042,-4.258773337564071,6,66.66666666666666,0.03957118697147706,6.32478055571114,-1.7465577102279817,-42.58773337564071,3.9721139760273205,3.972105315148224
NEAR,1h,v1_internal_factors,QuantCell,2023,7008,1752,-2.8607986828343543,58,48.275862068965516,0.5113216152944685,17.862246707784973,-0.03498719864176164,-28.60798682834354,49.030686487761386,44.58032216239921,-5.201036473275257,2,0.0,0.0,5.201036473275257,-4.089397829558482,-52.01036473275258,6.312778795974254,6.312768949768872
NEAR,1h,v1_internal_factors,NautilusTrader,2023,7008,1752,-2.8607986828343543,58,48.275862068965516,0.5113216152944685,17.862246707784973,-0.03498719864176164,-28.60798682834354,49.030686487761386,44.58032216239921,-5.201036473275257,2,0.0,0.0,5.201036473275257,-4.089397829558482,-52.01036473275258,6.312778795974254,6.312768949768872
NEAR,1h,v2_volatility_regime,QuantCell,2023,7008,1752,-2.8607986828343543,58,48.275862068965516,0.5113216152944685,17.862246707784973,-0.03498719864176164,-28.60798682834354,49.030686487761386,44.58032216239921,-5.201036473275257,2,0.0,0.0,5.201036473275257,-4.089397829558482,-52.01036473275258,6.312778795974254,6.312768949768872
NEAR,1h,v2_volatility_regime,NautilusTrader,2023,7008,1752,-2.8607986828343543,58,48.275862068965516,0.5113216152944685,17.862246707784973,-0.03498719864176164,-28.60798682834354,49.030686487761386,44.58032216239921,-5.201036473275257,2,0.0,0.0,5.201036473275257,-4.089397829558482,-52.01036473275258,6.312778795974254,6.312768949768872
NEAR,1h,v3_trend_strength,QuantCell,2023,7008,1752,-3.870874356258764,40,50.0,0.5941173262599136,18.010404088209107,-0.14570996045190043,-38.70874356258764,38.82033662912036,35.18061484823361,-5.201036473275257,2,0.0,0.0,5.201036473275257,-4.089397829558482,-52.01036473275258,6.312778795974254,6.312768949768872
NEAR,1h,v3_trend_strength,NautilusTrader,2023,7008,1752,-3.870874356258764,40,50.0,0.5941173262599136,18.010404088209107,-0.14570996045190043,-38.70874356258764,38.82033662912036,35.18061484823361,-5.201036473275257,2,0.0,0.0,5.201036473275257,-4.089397829558482,-52.01036473275258,6.312778795974254,6.312768949768872
NEAR,1h,v1_internal_factors,QuantCell,2024,7027,1757,47.77848695922135,43,48.837209302325576,0.9100797650077518,11.675947066958619,1.8216652138845084,477.78486959221345,42.85739421399338,38.134406185756774,-7.0009405304729055,6,50.0,0.04240114003914093,7.309727002582781,-2.771681790297034,-70.00940530472906,8.593414030121263,8.59340082447328
NEAR,1h,v1_internal_factors,NautilusTrader,2024,7027,1757,47.77848695922135,43,48.837209302325576,0.9100797650077518,11.675947066958619,1.8216652138845084,477.78486959221345,42.85739421399338,38.134406185756774,-7.0009405304729055,6,50.0,0.04240114003914093,7.309727002582781,-2.771681790297034,-70.00940530472906,8.593414030121263,8.59340082447328
NEAR,1h,v2_volatility_regime,QuantCell,2024,7027,1757,54.8425817091513,41,51.21951219512195,0.9880148026304079,11.675947066958644,2.0485725755602275,548.425817091513,41.238949619403684,36.328261419458784,-7.0009405304729055,6,50.0,0.04240114003914093,7.309727002582781,-2.771681790297034,-70.00940530472906,8.593414030121263,8.59340082447328
NEAR,1h,v2_volatility_regime,NautilusTrader,2024,7027,1757,54.8425817091513,41,51.21951219512195,0.9880148026304079,11.675947066958644,2.0485725755602275,548.425817091513,41.238949619403684,36.328261419458784,-7.0009405304729055,6,50.0,0.04240114003914093,7.309727002582781,-2.771681790297034,-70.00940530472906,8.593414030121263,8.59340082447328
NEAR,1h,v3_trend_strength,QuantCell,2024,7027,1757,25.12332344466565,36,47.22222222222222,0.7572930010839749,11.675947066958644,1.2083646375998507,251.23323444665652,37.36048237565352,33.91330463168557,-5.0845171793158785,3,33.33333333333333,0.03311492479084297,5.0845171793158785,-2.9702621525628956,-50.845171793158784,7.2051871678281305,7.2051780591261725
NEAR,1h,v3_trend_strength,NautilusTrader,2024,7027,1757,25.12332344466565,36,47.22222222222222,0.7572930010839749,11.675947066958644,1.2083646375998507,251.23323444665652,37.36048237565352,33.91330463168557,-5.0845171793158785,3,33.33333333333333,0.03311492479084297,5.0845171793158785,-2.9702621525628956,-50.845171793158784,7.2051871678281305,7.2051780591261725
NEAR,1h,v1_internal_factors,QuantCell,2025,7008,1752,20.43244259832502,49,55.10204081632652,0.7609193416628404,13.895034249260327,0.951367014438754,204.3244259832502,37.392595998406264,35.26055333688198,4.864044279230188,8,62.5,0.08392386019022138,7.088470332740869,1.000291245656581,48.64044279230188,11.909069163064066,10.645229040345722
NEAR,1h,v1_internal_factors,NautilusTrader,2025,7008,1752,20.43244259832502,49,55.10204081632652,0.7609193416628404,13.895034249260327,0.951367014438754,204.3244259832502,37.392595998406264,35.26055333688198,4.864044279230188,8,62.5,0.08392386019022138,7.088470332740869,1.000291245656581,48.64044279230188,11.909069163064066,10.645229040345722
NEAR,1h,v2_volatility_regime,QuantCell,2025,7008,1752,20.43244259832502,49,55.10204081632652,0.7609193416628404,13.895034249260327,0.951367014438754,204.3244259832502,37.392595998406264,35.26055333688198,4.864044279230188,8,62.5,0.08392386019022138,7.088470332740869,1.000291245656581,48.64044279230188,11.909069163064066,10.645229040345722
NEAR,1h,v2_volatility_regime,NautilusTrader,2025,7008,1752,20.43244259832502,49,55.10204081632652,0.7609193416628404,13.895034249260327,0.951367014438754,204.3244259832502,37.392595998406264,35.26055333688198,4.864044279230188,8,62.5,0.08392386019022138,7.088470332740869,1.000291245656581,48.64044279230188,11.909069163064066,10.645229040345722
NEAR,1h,v3_trend_strength,QuantCell,2025,7008,1752,29.81096359742853,29,55.172413793103445,1.0530999070483822,12.051643399868208,1.4992807464423799,298.1096359742853,24.898310345299013,23.26702809895789,1.0357205513666372,4,50.0,0.06987427521576915,3.070146650092502,0.3663572656758027,10.357205513666372,7.939239048496146,7.195159377933248
NEAR,1h,v3_trend_strength,NautilusTrader,2025,7008,1752,29.81096359742853,29,55.172413793103445,1.0530999070483822,12.051643399868208,1.4992807464423799,298.1096359742853,24.898310345299013,23.26702809895789,1.0357205513666372,4,50.0,0.06987427521576915,3.070146650092502,0.3663572656758027,10.357205513666372,7.939239048496146,7.195159377933248
XAUUSD,15m,v1_internal_factors,QuantCell,2021,19095,4774,9.91545683781601,102,15.686274509803921,0.627906640492921,24.476485326652337,0.2508172256626874,99.15456837816009,423.93987236339444,367.4306140357819,-46.86389622598545,31,9.67741935483871,0.15693803257546932,54.168801240153776,-2.493967067120148,-468.63896225985445,308.40081983750514,278.8640017962302
XAUUSD,15m,v1_internal_factors,NautilusTrader,2021,19095,4774,9.91545683781601,102,15.686274509803921,0.627906640492921,24.476485326652337,0.2508172256626874,99.15456837816009,423.93987236339444,367.4306140357819,-46.86389622598545,31,9.67741935483871,0.15693803257546932,54.168801240153776,-2.493967067120148,-468.63896225985445,308.40081983750514,278.8640017962302
XAUUSD,15m,v2_volatility_regime,QuantCell,2021,19095,4774,-9.414078708559929,112,15.178571428571427,0.5834507153340815,25.82752520500609,-0.06029994187298642,-94.1407870855993,500.3980665680259,448.7444713982009,-39.08784204527089,28,7.142857142857142,0.14207299471338775,47.461762910069325,-2.360021615461188,-390.87842045270895,247.53851499597326,229.9142480792395
XAUUSD,15m,v2_volatility_regime,NautilusTrader,2021,19095,4774,-9.414078708559929,112,15.178571428571427,0.5834507153340815,25.82752520500609,-0.06029994187298642,-94.1407870855993,500.3980665680259,448.7444713982009,-39.08784204527089,28,7.142857142857142,0.14207299471338775,47.461762910069325,-2.360021615461188,-390.87842045270895,247.53851499597326,229.9142480792395
XAUUSD,15m,v3_trend_strength,QuantCell,2021,19095,4774,-24.67455625612781,65,13.846153846153847,0.45279082176081764,28.03176726865173,-0.4742418843636561,-246.74556256127812,304.8265295962843,267.71148147754093,-17.174680611990436,13,30.76923076923077,0.4578021545292139,35.281306766708,-0.7623284995939854,-171.74680611990436,217.6882882236469,192.50460397953208
XAUUSD,15m,v3_trend_strength,NautilusTrader,2021,19095,4774,-24.67455625612781,65,13.846153846153847,0.45279082176081764,28.03176726865173,-0.4742418843636561,-246.74556256127812,304.8265295962843,267.71148147754093,-17.174680611990436,13,30.76923076923077,0.4578021545292139,35.281306766708,-0.7623284995939854,-171.74680611990436,217.6882882236469,192.50460397953208
XAUUSD,15m,v1_internal_factors,QuantCell,2022,19108,4778,-69.01202819187094,133,10.526315789473683,0.28062174204511475,69.01202819187094,-1.2616799615319914,-690.1202819187095,558.3061915124625,523.4869228257846,21.615431693908477,29,20.689655172413794,0.9390956375383169,19.902553277364497,1.3792086346850034,216.15431693908477,122.71033755053332,106.32115476169538
XAUUSD,15m,v1_internal_factors,NautilusTrader,2022,19108,4778,-69.01202819187094,133,10.526315789473683,0.28062174204511475,69.01202819187094,-1.2616799615319914,-690.1202819187095,558.3061915124625,523.4869228257846,21.615431693908477,29,20.689655172413794,0.9390956375383169,19.902553277364497,1.3792086346850034,216.15431693908477,122.71033755053332,106.32115476169538
XAUUSD,15m,v2_volatility_regime,QuantCell,2022,19108,4778,-65.04474281687229,128,10.9375,0.2872396097176184,67.03043652940094,-1.1209281177939732,-650.4474281687228,556.1684654392928,520.220087919718,19.84640758724588,29,20.689655172413794,0.9298490833591083,19.78833577931878,1.2585528295792,198.4640758724588,129.1432610417457,108.76292429154594
XAUUSD,15m,v2_volatility_regime,NautilusTrader,2022,19108,4778,-65.04474281687229,128,10.9375,0.2872396097176184,67.03043652940094,-1.1209281177939732,-650.4474281687228,556.1684654392928,520.220087919718,19.84640758724588,29,20.689655172413794,0.9298490833591083,19.78833577931878,1.2585528295792,198.4640758724588,129.1432610417457,108.76292429154594
XAUUSD,15m,v3_trend_strength,QuantCell,2022,19108,4778,-64.61548317672573,58,10.344827586206897,0.18295527847185603,64.64528948613572,-1.5021989045050808,-646.1548317672573,363.46440131533984,345.19395752686825,4.795334099299225,23,17.391304347826086,0.6838762986676021,17.88081530164277,0.43746163049651743,47.95334099299225,87.51212376692446,78.91256821073146
XAUUSD,15m,v3_trend_strength,NautilusTrader,2022,19108,4778,-64.61548317672573,58,10.344827586206897,0.18295527847185603,64.64528948613572,-1.5021989045050808,-646.1548317672573,363.46440131533984,345.19395752686825,4.795334099299225,23,17.391304347826086,0.6838762986676021,17.88081530164277,0.43746163049651743,47.95334099299225,87.51212376692446,78.91256821073146
XAUUSD,15m,v1_internal_factors,QuantCell,2023,19053,4764,-28.06281139623002,72,15.277777777777779,0.4583850199440761,45.9816076170476,-0.5594447672925421,-280.6281139623002,322.30246429167914,298.3490665566115,-20.72323126663582,21,19.047619047619047,0.36252653342836955,41.80301890433207,-1.0492880785482817,-207.2323126663582,189.50925246680688,177.67082885694379
XAUUSD,15m,v1_internal_factors,NautilusTrader,2023,19053,4764,-28.06281139623002,72,15.277777777777779,0.4583850199440761,45.9816076170476,-0.5594447672925421,-280.6281139623002,322.30246429167914,298.3490665566115,-20.72323126663582,21,19.047619047619047,0.36252653342836955,41.80301890433207,-1.0492880785482817,-207.2323126663582,189.50925246680688,177.67082885694379
XAUUSD,15m,v2_volatility_regime,QuantCell,2023,19053,4764,19.317975601458308,61,19.672131147540984,0.8014598740304452,33.95459986729513,0.44493958134515765,193.17975601458306,275.12749839625064,246.41648691311337,-29.74839085253076,20,15.0,0.21968871481181979,41.80301890433207,-1.740930092923047,-297.4839085253076,185.5888005389624,175.9504220909188
XAUUSD,15m,v2_volatility_regime,NautilusTrader,2023,19053,4764,19.317975601458308,61,19.672131147540984,0.8014598740304452,33.95459986729513,0.44493958134515765,193.17975601458306,275.12749839625064,246.41648691311337,-29.74839085253076,20,15.0,0.21968871481181979,41.80301890433207,-1.740930092923047,-297.4839085253076,185.5888005389624,175.9504220909188
XAUUSD,15m,v3_trend_strength,QuantCell,2023,19053,4764,2.6687262996435264,41,19.51219512195122,0.6981630960109664,30.188297623902937,0.12984474278008973,26.687262996435265,208.72827151400998,193.99353297147704,-41.10560604387598,19,5.263157894736842,0.006884886346142307,43.419526448745465,-2.938004860861578,-411.0560604387598,180.02227119192978,171.92540110191996
XAUUSD,15m,v3_trend_strength,NautilusTrader,2023,19053,4764,2.6687262996435264,41,19.51219512195122,0.6981630960109664,30.188297623902937,0.12984474278008973,26.687262996435265,208.72827151400998,193.99353297147704,-41.10560604387598,19,5.263157894736842,0.006884886346142307,43.419526448745465,-2.938004860861578,-411.0560604387598,180.02227119192978,171.92540110191996
XAUUSD,15m,v1_internal_factors,QuantCell,2024,19178,4795,-72.85728305528876,121,9.090909090909092,0.2538269660832285,72.85728305528876,-1.9139547726198323,-728.5728305528876,449.61755650621234,424.870845663586,-17.24572514225839,43,23.25581395348837,0.5844217161528509,30.640067194744734,-0.6769617363670954,-172.4572514225839,254.6840205557314,230.13164982513726
XAUUSD,15m,v1_internal_factors,NautilusTrader,2024,19178,4795,-72.85728305528876,121,9.090909090909092,0.2538269660832285,72.85728305528876,-1.9139547726198323,-728.5728305528876,449.61755650621234,424.870845663586,-17.24572514225839,43,23.25581395348837,0.5844217161528509,30.640067194744734,-0.6769617363670954,-172.4572514225839,254.6840205557314,230.13164982513726
XAUUSD,15m,v2_volatility_regime,QuantCell,2024,19178,4795,-74.69087965782121,137,9.48905109489051,0.27320754203773573,74.69087965782121,-1.8459397717623054,-746.9087965782122,502.78107508065835,474.2774665558046,2.3634797963753615,40,22.5,0.7193181382976754,15.300248181239109,0.24284443840391515,23.634797963753613,177.56859968359686,162.02781145975152
XAUUSD,15m,v2_volatility_regime,NautilusTrader,2024,19178,4795,-74.69087965782121,137,9.48905109489051,0.27320754203773573,74.69087965782121,-1.8459397717623054,-746.9087965782122,502.78107508065835,474.2774665558046,2.3634797963753615,40,22.5,0.7193181382976754,15.300248181239109,0.24284443840391515,23.634797963753613,177.56859968359686,162.02781145975152
XAUUSD,15m,v3_trend_strength,QuantCell,2024,19178,4795,-57.01914161069982,70,7.142857142857142,0.18172985315631943,57.98482817055428,-1.5596448702882264,-570.1914161069982,287.63083212540226,277.0926777681586,1.9986389972627534,16,37.5,0.8807345652619362,25.103008836941765,0.2254754542046984,19.986389972627535,148.39768137653454,130.56394979459023
XAUUSD,15m,v3_trend_strength,NautilusTrader,2024,19178,4795,-57.01914161069982,70,7.142857142857142,0.18172985315631943,57.98482817055428,-1.5596448702882264,-570.1914161069982,287.63083212540226,277.0926777681586,1.9986389972627534,16,37.5,0.8807345652619362,25.103008836941765,0.2254754542046984,19.986389972627535,148.39768137653454,130.56394979459023
XAUUSD,15m,v1_internal_factors,QuantCell,2025,19102,4776,-57.90501103847677,119,9.243697478991598,0.27175936807405937,57.943571852399344,-1.2844582849492587,-579.0501103847678,434.49596464032874,399.4306143949124,6.357333848084204,26,19.230769230769234,0.8114375180025908,20.03409017603582,0.5762813308937954,63.57333848084204,58.353812287181356,54.914526951774135
XAUUSD,15m,v1_internal_factors,NautilusTrader,2025,19102,4776,-57.90501103847677,119,9.243697478991598,0.27175936807405937,57.943571852399344,-1.2844582849492587,-579.0501103847678,434.49596464032874,399.4306143949124,6.357333848084204,26,19.230769230769234,0.8114375180025908,20.03409017603582,0.5762813308937954,63.57333848084204,58.353812287181356,54.914526951774135
XAUUSD,15m,v2_volatility_regime,QuantCell,2025,19102,4776,-47.9765824634347,117,9.401709401709402,0.3095260049870416,51.192270065060164,-1.0217111241864627,-479.76582463434704,389.9562759589074,361.00242934502927,12.476636660815211,24,20.833333333333336,1.0001935392797088,15.433226284436941,1.0439765356881523,124.76636660815211,51.85983021294252,48.373438511368676
XAUUSD,15m,v2_volatility_regime,NautilusTrader,2025,19102,4776,-47.9765824634347,117,9.401709401709402,0.3095260049870416,51.192270065060164,-1.0217111241864627,-479.76582463434704,389.9562759589074,361.00242934502927,12.476636660815211,24,20.833333333333336,1.0001935392797088,15.433226284436941,1.0439765356881523,124.76636660815211,51.85983021294252,48.373438511368676
XAUUSD,15m,v3_trend_strength,QuantCell,2025,19102,4776,-48.50872176391791,66,9.090909090909092,0.2337399242489743,48.7703826556676,-1.3748607787206306,-485.08721763917913,255.8618950036025,235.84475527474743,1.722053440258719,26,19.230769230769234,0.6540717594543574,20.979152548851303,0.21253461054132902,17.22053440258719,61.52555948808052,56.609032636650454
XAUUSD,15m,v3_trend_strength,NautilusTrader,2025,19102,4776,-48.50872176391791,66,9.090909090909092,0.2337399242489743,48.7703826556676,-1.3748607787206306,-485.08721763917913,255.8618950036025,235.84475527474743,1.722053440258719,26,19.230769230769234,0.6540717594543574,20.979152548851303,0.21253461054132902,17.22053440258719,61.52555948808052,56.609032636650454
XAUUSD,1h,v1_internal_factors,QuantCell,2021,4923,1231,-6.8302299861366,38,13.157894736842104,0.4044258974732184,31.772771510244922,-0.245684116673048,-68.30229986136601,143.33617344006035,133.24174634053603,-1.7646260194232353,12,25.0,0.6629845794675346,13.499078993843147,-0.18462408329836058,-17.646260194232354,83.97877183319709,77.55878814691465
XAUUSD,1h,v1_internal_factors,NautilusTrader,2021,4923,1231,-6.8302299861366,38,13.157894736842104,0.4044258974732184,31.772771510244922,-0.245684116673048,-68.30229986136601,143.33617344006035,133.24174634053603,-1.7646260194232353,12,25.0,0.6629845794675346,13.499078993843147,-0.18462408329836058,-17.646260194232354,83.97877183319709,77.55878814691465
XAUUSD,1h,v2_volatility_regime,QuantCell,2021,4923,1231,-7.693760781455944,37,13.513513513513514,0.40834946849245474,32.405125898062195,-0.3059043800267895,-76.93760781455944,129.2016879466259,121.3821606879584,-1.7646260194232353,12,25.0,0.6629845794675346,13.499078993843147,-0.18462408329836058,-17.646260194232354,83.97877183319709,77.55878814691465
XAUUSD,1h,v2_volatility_regime,NautilusTrader,2021,4923,1231,-7.693760781455944,37,13.513513513513514,0.40834946849245474,32.405125898062195,-0.3059043800267895,-76.93760781455944,129.2016879466259,121.3821606879584,-1.7646260194232353,12,25.0,0.6629845794675346,13.499078993843147,-0.18462408329836058,-17.646260194232354,83.97877183319709,77.55878814691465
XAUUSD,1h,v3_trend_strength,QuantCell,2021,4923,1231,-3.882056511338703,24,16.666666666666664,0.4663821150376863,28.868590532734444,-0.13810236362531733,-38.82056511338703,114.15000889896041,105.97927978083901,-2.2609594377129607,10,30.0,0.7070510229851473,13.499078993843147,-0.3460804636906098,-22.60959437712961,82.48517130551323,75.9883913507051
XAUUSD,1h,v3_trend_strength,NautilusTrader,2021,4923,1231,-3.882056511338703,24,16.666666666666664,0.4663821150376863,28.868590532734444,-0.13810236362531733,-38.82056511338703,114.15000889896041,105.97927978083901,-2.2609594377129607,10,30.0,0.7070510229851473,13.499078993843147,-0.3460804636906098,-22.60959437712961,82.48517130551323,75.9883913507051
XAUUSD,1h,v1_internal_factors,QuantCell,2022,4924,1232,-13.714034601859225,30,10.0,0.3658622769740578,22.924439406805195,-0.810688958399775,-137.14034601859225,117.68837804206026,98.52084146876865,3.178692870512327,12,8.333333333333332,0.4442851489255476,13.624724088356627,0.7974575033681024,31.786928705123273,53.12853840441282,45.52881399044421
XAUUSD,1h,v1_internal_factors,NautilusTrader,2022,4924,1232,-13.714034601859225,30,10.0,0.3658622769740578,22.924439406805195,-0.810688958399775,-137.14034601859225,117.68837804206026,98.52084146876865,3.178692870512327,12,8.333333333333332,0.4442851489255476,13.624724088356627,0.7974575033681024,31.786928705123273,53.12853840441282,45.52881399044421
XAUUSD,1h,v2_volatility_regime,QuantCell,2022,4924,1232,-6.168452723168696,27,11.11111111111111,0.44248103871457484,21.215508583973154,-0.33435984556244086,-61.68452723168696,80.46977684663385,64.50070740180247,3.178692870512327,12,8.333333333333332,0.4442851489255476,13.624724088356627,0.7974575033681024,31.786928705123273,53.12853840441282,45.52881399044421
XAUUSD,1h,v2_volatility_regime,NautilusTrader,2022,4924,1232,-6.168452723168696,27,11.11111111111111,0.44248103871457484,21.215508583973154,-0.33435984556244086,-61.68452723168696,80.46977684663385,64.50070740180247,3.178692870512327,12,8.333333333333332,0.4442851489255476,13.624724088356627,0.7974575033681024,31.786928705123273,53.12853840441282,45.52881399044421
XAUUSD,1h,v3_trend_strength,QuantCell,2022,4924,1232,7.055150970710451,20,15.0,0.6244465072453407,11.328932513062552,0.5192577699817538,70.55150970710451,126.62995493876691,103.17197611306086,-7.296611553541515,7,0.0,0.0,9.798879515697646,-2.6090372574822416,-72.96611553541516,40.685696341871925,34.49557337653709
XAUUSD,1h,v3_trend_strength,NautilusTrader,2022,4924,1232,7.055150970710451,20,15.0,0.6244465072453407,11.328932513062552,0.5192577699817538,70.55150970710451,126.62995493876691,103.17197611306086,-7.296611553541515,7,0.0,0.0,9.798879515697646,-2.6090372574822416,-72.96611553541516,40.685696341871925,34.49557337653709
XAUUSD,1h,v1_internal_factors,QuantCell,2023,4920,1230,14.979765229962982,15,26.666666666666668,1.2868784273273997,10.168951248272979,1.0391515756055145,149.79765229962982,104.58374411070751,82.23618120343279,-1.3208406494450287,11,27.27272727272727,0.7043968364679204,7.931397362865118,-0.24498243108923431,-13.208406494450287,34.27080827417701,29.172483659895615
XAUUSD,1h,v1_internal_factors,NautilusTrader,2023,4920,1230,14.979765229962982,15,26.666666666666668,1.2868784273273997,10.168951248272979,1.0391515756055145,149.79765229962982,104.58374411070751,82.23618120343279,-1.3208406494450287,11,27.27272727272727,0.7043968364679204,7.931397362865118,-0.24498243108923431,-13.208406494450287,34.27080827417701,29.172483659895615
XAUUSD,1h,v2_volatility_regime,QuantCell,2023,4920,1230,13.867375684429659,11,18.181818181818183,1.4264787928334628,8.6244969488671,1.4015841679079715,138.67375684429658,15.816308748905723,14.474627454315195,3.7488676911824315,10,30.0,0.8414536519147745,7.7197767840242255,0.9742636837122628,37.488676911824314,33.308379760070245,28.384776142410967
XAUUSD,1h,v2_volatility_regime,NautilusTrader,2023,4920,1230,13.867375684429659,11,18.181818181818183,1.4264787928334628,8.6244969488671,1.4015841679079715,138.67375684429658,15.816308748905723,14.474627454315195,3.7488676911824315,10,30.0,0.8414536519147745,7.7197767840242255,0.9742636837122628,37.488676911824314,33.308379760070245,28.384776142410967
XAUUSD,1h,v3_trend_strength,QuantCell,2023,4920,1230,13.058028874601654,12,33.33333333333333,1.1193683354696753,12.732522326360993,0.9458069923130097,130.58028874601655,100.81283045919933,78.17264857096968,6.173351947270135,5,40.0,1.2921620005566696,7.065790469674585,2.082817789612418,61.733519472701346,18.97203050207899,16.363824354430232
XAUUSD,1h,v3_trend_strength,NautilusTrader,2023,4920,1230,13.058028874601654,12,33.33333333333333,1.1193683354696753,12.732522326360993,0.9458069923130097,130.58028874601655,100.81283045919933,78.17264857096968,6.173351947270135,5,40.0,1.2921620005566696,7.065790469674585,2.082817789612418,61.733519472701346,18.97203050207899,16.363824354430232
XAUUSD,1h,v1_internal_factors,QuantCell,2024,4952,1239,-21.856329334353834,30,6.666666666666667,0.25642643989004477,21.856329334353834,-1.6184493413015417,-218.56329334353836,77.25367897066046,75.05507131206575,6.494897596243914,10,30.0,0.8939763311632196,16.997698608298524,1.1313785046806915,64.94897596243914,102.45057188498204,90.36761248818587
XAUUSD,1h,v1_internal_factors,NautilusTrader,2024,4952,1239,-21.856329334353834,30,6.666666666666667,0.25642643989004477,21.856329334353834,-1.6184493413015417,-218.56329334353836,77.25367897066046,75.05507131206575,6.494897596243914,10,30.0,0.8939763311632196,16.997698608298524,1.1313785046806915,64.94897596243914,102.45057188498204,90.36761248818587
XAUUSD,1h,v2_volatility_regime,QuantCell,2024,4952,1239,-19.592831315604542,30,6.666666666666667,0.254086503099616,20.160099766731708,-1.387731968042668,-195.92831315604542,78.25125042191932,75.80937115045334,21.609545831349283,6,33.33333333333333,4.3508857184460075,4.329765463914325,4.678809958841273,216.09545831349283,9.541559831988103,6.824814612038606
XAUUSD,1h,v2_volatility_regime,NautilusTrader,2024,4952,1239,-19.592831315604542,30,6.666666666666667,0.254086503099616,20.160099766731708,-1.387731968042668,-195.92831315604542,78.25125042191932,75.80937115045334,21.609545831349283,6,33.33333333333333,4.3508857184460075,4.329765463914325,4.678809958841273,216.09545831349283,9.541559831988103,6.824814612038606
XAUUSD,1h,v3_trend_strength,QuantCell,2024,4952,1239,-27.127554215467537,24,4.166666666666666,0.15723144495816999,27.127554215467537,-2.8412129680465785,-271.27554215467535,69.87291625348315,67.67077091503648,-13.327611290178949,9,0.0,0.0,16.997698608298524,-2.4059770779731116,-133.27611290178947,104.19851639407055,92.92141789772222
XAUUSD,1h,v3_trend_strength,NautilusTrader,2024,4952,1239,-27.127554215467537,24,4.166666666666666,0.15723144495816999,27.127554215467537,-2.8412129680465785,-271.27554215467535,69.87291625348315,67.67077091503648,-13.327611290178949,9,0.0,0.0,16.997698608298524,-2.4059770779731116,-133.27611290178947,104.19851639407055,92.92141789772222
XAUUSD,1h,v1_internal_factors,QuantCell,2025,4934,1234,-35.86280888804881,45,6.666666666666667,0.17053040062217736,35.86280888804881,-2.7626706637866842,-358.6280888804881,87.42745687392352,85.13196137122276,19.31488533939655,3,66.66666666666666,384.74855316101736,4.8256608451884135,4.8176923236374005,193.1488533939655,2.8972291501602614,1.629247156299006
XAUUSD,1h,v1_internal_factors,NautilusTrader,2025,4934,1234,-35.86280888804881,45,6.666666666666667,0.17053040062217736,35.86280888804881,-2.7626706637866842,-358.6280888804881,87.42745687392352,85.13196137122276,19.31488533939655,3,66.66666666666666,384.74855316101736,4.8256608451884135,4.8176923236374005,193.1488533939655,2.8972291501602614,1.629247156299006
XAUUSD,1h,v2_volatility_regime,QuantCell,2025,4934,1234,-31.84102834438295,44,6.8181818181818175,0.18758012037672975,32.241604686502754,-2.452343816724934,-318.4102834438295,72.1837790064281,69.74434769681436,19.31488533939655,3,66.66666666666666,384.74855316101736,4.8256608451884135,4.8176923236374005,193.1488533939655,2.8972291501602614,1.629247156299006
XAUUSD,1h,v2_volatility_regime,NautilusTrader,2025,4934,1234,-31.84102834438295,44,6.8181818181818175,0.18758012037672975,32.241604686502754,-2.452343816724934,-318.4102834438295,72.1837790064281,69.74434769681436,19.31488533939655,3,66.66666666666666,384.74855316101736,4.8256608451884135,4.8176923236374005,193.1488533939655,2.8972291501602614,1.629247156299006
XAUUSD,1h,v3_trend_strength,QuantCell,2025,4934,1234,-12.75771289933191,17,11.76470588235294,0.24626895914468533,14.976154743523159,-1.2751982409482312,-127.57712899331909,45.528564258823934,44.85221003665544,18.700592983767592,3,100.0,99.0,1.9452591015014669,5.497743701097213,187.00592983767592,2.5857587171617245,1.3896799785094973
XAUUSD,1h,v3_trend_strength,NautilusTrader,2025,4934,1234,-12.75771289933191,17,11.76470588235294,0.24626895914468533,14.976154743523159,-1.2751982409482312,-127.57712899331909,45.528564258823934,44.85221003665544,18.700592983767592,3,100.0,99.0,1.9452591015014669,5.497743701097213,187.00592983767592,2.5857587171617245,1.3896799785094973
