capital_model,symbol,timeframe,year,sample_type,total_trades,win_rate_pct,total_return_pct,profit_factor,max_drawdown_pct,sharpe_ratio,total_fees,final_equity
Isolated_Capital,BTC,15m,2021,In-Sample,153,37.254901960784316,-10.282322442723194,0.9070310717449487,24.194262285677638,-0.6363150207260573,125.69213089449548,897.1767755727681
Isolated_Capital,BTC,15m,2021,Out-of-Sample,44,31.818181818181817,-8.724695240272979,0.6736424833213986,11.163960588253268,-2.0651809464944333,42.2413906518076,912.7530475972702
Isolated_Capital,BTC,15m,2022,In-Sample,138,38.405797101449274,-7.09217970940133,0.9704900949115398,19.275770305829965,-0.4059367005465716,162.59451415214812,929.0782029059867
Isolated_Capital,BTC,15m,2022,Out-of-Sample,38,34.21052631578947,-8.375826167859044,0.7218873851202189,11.858399969054641,-1.98056819285843,70.88357615361309,916.2417383214096
Isolated_Capital,BTC,15m,2023,In-Sample,158,29.746835443037973,-40.016601973030326,0.5660232283368388,40.016601973030326,-2.9092170962852615,252.90412189121514,599.8339802696968
Isolated_Capital,BTC,15m,2023,Out-of-Sample,25,40.0,-0.22127564644745232,1.1340749999999507,4.535165789938491,-0.006885461066682426,46.21172206550784,997.7872435355255
Isolated_Capital,BTC,15m,2024,In-Sample,153,29.411764705882355,-26.54128419299866,0.7169440301569886,30.981558087717165,-1.8631889102381645,199.48477972463678,734.5871580700134
Isolated_Capital,BTC,15m,2024,Out-of-Sample,40,32.5,1.1304874654266428,1.143060721354668,11.767191622925981,0.33879031511285357,60.57028246717046,1011.3048746542664
Isolated_Capital,BTC,15m,2025,In-Sample,158,34.810126582278485,-27.381251250213882,0.7509294010038161,31.653885050376346,-1.828348977354725,255.8397600467058,726.1874874978612
Isolated_Capital,BTC,15m,2025,Out-of-Sample,39,28.205128205128204,-17.009608969855243,0.35176206439404417,18.065072577013524,-4.172853321864487,59.63822747404453,829.9039103014476
Isolated_Capital,BTC,1h,2021,In-Sample,23,73.91304347826086,7.572305509615217,2.185894613522296,4.221956825367662,2.4811496944042375,8.822373982667365,1075.7230550961522
Isolated_Capital,BTC,1h,2021,Out-of-Sample,10,30.0,-4.962297769067458,0.23676633638401506,5.544426183246992,-5.893007559352381,4.812165568415467,950.3770223093254
Isolated_Capital,BTC,1h,2022,In-Sample,36,50.0,4.0299521071266104,1.3505575283401643,3.710303355554703,1.0339914870265943,20.61983542202541,1040.299521071266
Isolated_Capital,BTC,1h,2022,Out-of-Sample,7,42.857142857142854,1.3363986283219447,1.4299755792167304,3.46914632805245,1.5923051057610704,5.363215875874237,1013.3639862832194
Isolated_Capital,BTC,1h,2023,In-Sample,30,33.33333333333333,-6.453663044336884,0.6704591206653696,10.417028284439638,-1.8301211495182428,33.33543637457531,935.4633695566312
Isolated_Capital,BTC,1h,2023,Out-of-Sample,6,33.33333333333333,-1.6347178831154336,0.6793800196630263,4.810297677998764,-2.1787414445667452,5.458323332927844,983.6528211688457
Isolated_Capital,BTC,1h,2024,In-Sample,22,50.0,-3.1827902189102817,0.711695597320212,7.877236941995948,-1.0818851512065815,16.921732624283482,968.1720978108972
Isolated_Capital,BTC,1h,2024,Out-of-Sample,5,40.0,0.21142706726550387,1.2726242004104884,1.4140527661560254,0.3247781971420175,3.4425678298535045,1002.114270672655
Isolated_Capital,BTC,1h,2025,In-Sample,43,34.883720930232556,-6.5949018397868135,0.7452114664917538,11.73531130266384,-1.7020978196277445,39.17866103612114,934.0509816021319
Isolated_Capital,BTC,1h,2025,Out-of-Sample,5,40.0,0.1948704946144858,1.2695669275616386,2.8825010749550137,0.31520268408527413,3.6205111698513983,1001.9487049461449
Isolated_Capital,ETH,15m,2021,In-Sample,125,40.8,-8.480730896411568,0.9068082482220408,19.850664975395862,-0.6196393999719432,85.33891451619279,915.1926910358843
Isolated_Capital,ETH,15m,2021,Out-of-Sample,30,33.33333333333333,-2.241387869319601,0.90195988209341,10.316767086013128,-0.6756264682226341,26.77012609989126,977.586121306804
Isolated_Capital,ETH,15m,2022,In-Sample,140,42.857142857142854,-5.815904622414802,0.9719464221253131,13.083799196406327,-0.316131912650428,124.63708177268141,941.840953775852
Isolated_Capital,ETH,15m,2022,Out-of-Sample,31,45.16129032258064,0.9840504801978909,1.215012551840031,4.385305328255071,0.33673142064049816,43.12916568904431,1009.8405048019789
Isolated_Capital,ETH,15m,2023,In-Sample,162,26.543209876543212,-43.965823724094314,0.5139906316518764,43.965823724094314,-3.286202181520172,230.19987674485168,560.3417627590569
Isolated_Capital,ETH,15m,2023,Out-of-Sample,36,11.11111111111111,-20.17354556524825,0.2249224330961202,21.914133260512024,-6.013702118483913,53.54397769931938,798.2645443475175
Isolated_Capital,ETH,15m,2024,In-Sample,167,32.93413173652694,-21.185499015799724,0.8387940475635685,31.470102026085122,-1.3748500238050196,214.9561072601502,788.1450098420028
Isolated_Capital,ETH,15m,2024,Out-of-Sample,24,25.0,-7.40864548293091,0.5448231149437377,8.92204962939123,-2.682446828352294,28.86245588554443,925.9135451706909
Isolated_Capital,ETH,15m,2025,In-Sample,141,28.368794326241137,-31.3543143166424,0.6237955149277428,35.136487761330784,-2.3473365348694286,131.41357958636257,686.456856833576
Isolated_Capital,ETH,15m,2025,Out-of-Sample,32,15.625,-16.406863528298107,0.1494298952824683,16.901257739969616,-4.9373110969351295,32.35050915610457,835.9313647170189
Isolated_Capital,ETH,1h,2021,In-Sample,15,60.0,-1.481981726574645,0.7878988550162356,4.688405805461715,-0.691335823022123,5.006928829857236,985.1801827342535
Isolated_Capital,ETH,1h,2021,Out-of-Sample,11,63.63636363636363,-2.7306373472366885,0.3818408748467916,3.9905449612232387,-2.7202820372021312,4.547065262756268,972.6936265276331
Isolated_Capital,ETH,1h,2022,In-Sample,30,50.0,-9.052228537195264,0.41407522510573336,11.447734254021555,-2.975038680326418,10.058717068399696,909.4777146280474
Isolated_Capital,ETH,1h,2022,Out-of-Sample,6,66.66666666666666,3.5724281039103976,2.6283625943374047,3.199688705534381,4.085653268184956,2.246203207439339,1035.724281039104
Isolated_Capital,ETH,1h,2023,In-Sample,35,31.428571428571427,-6.766468980374646,0.6935439846648326,8.087898997526754,-1.985678662702005,34.816190994278735,932.3353101962535
Isolated_Capital,ETH,1h,2023,Out-of-Sample,9,33.33333333333333,-0.8699333294929374,0.8762641426032927,4.148855801673745,-0.8608085736203852,5.869348687913333,991.3006667050706
Isolated_Capital,ETH,1h,2024,In-Sample,37,54.054054054054056,8.71002829983031,1.6255798268502641,7.147752090820964,2.392077380582579,25.879684938116636,1087.100282998303
Isolated_Capital,ETH,1h,2024,Out-of-Sample,5,20.0,-4.34821283977102,0.01146993054801432,4.34821283977102,-8.40434651534263,3.040454490913471,956.5178716022898
Isolated_Capital,ETH,1h,2025,In-Sample,35,45.714285714285715,-7.317275190950215,0.6045742707214268,14.00614423109091,-2.27081676793429,17.303766532806858,926.8272480904978
Isolated_Capital,ETH,1h,2025,Out-of-Sample,7,71.42857142857143,-1.3438855017385323,0.41714444701456677,2.9736278874865865,-1.2719943880543887,3.501132249312105,986.5611449826147
Isolated_Capital,BNB,15m,2021,In-Sample,137,39.416058394160586,-12.05630891834967,0.8553311977528317,21.766795491878792,-0.817230160789714,76.47627904025573,879.4369108165033
Isolated_Capital,BNB,15m,2021,Out-of-Sample,29,34.48275862068966,-3.7103670983656114,0.8202031076873488,6.569517239557866,-1.0786912804940785,25.60926259778444,962.8963290163439
Isolated_Capital,BNB,15m,2022,In-Sample,173,35.26011560693642,-20.587018026348563,0.8231694406978827,21.973027150874678,-1.2551118181079066,159.57449097998148,794.1298197365144
Isolated_Capital,BNB,15m,2022,Out-of-Sample,24,29.166666666666668,-8.681472310337925,0.42068432582870363,11.570931750940147,-2.878663201556881,31.12745553464028,913.1852768966207
Isolated_Capital,BNB,15m,2023,In-Sample,139,27.33812949640288,-32.632399363760555,0.6183292137798924,34.641850137515824,-2.606451159066263,191.7740790193076,673.6760063623944
Isolated_Capital,BNB,15m,2023,Out-of-Sample,35,31.428571428571427,6.186312531121256,1.530532803231861,5.987829886570214,1.5401143426199322,39.11917138600599,1061.8631253112126
Isolated_Capital,BNB,15m,2024,In-Sample,150,33.33333333333333,-13.791973771863693,0.8824617928771888,19.45854973841385,-0.8605938087829721,175.63432455328814,862.080262281363
Isolated_Capital,BNB,15m,2024,Out-of-Sample,43,37.2093023255814,5.26284525988533,1.3747520163589204,10.145708794879232,1.1981292543998832,45.84944220361023,1052.6284525988533
Isolated_Capital,BNB,15m,2025,In-Sample,166,26.506024096385545,-36.02024410343901,0.6368574878338166,40.221981937256736,-2.6616838064781576,220.88551535939504,639.7975589656099
Isolated_Capital,BNB,15m,2025,Out-of-Sample,47,36.17021276595745,-12.636496269753195,0.6077944493349373,12.636496269753195,-2.907659096534988,68.21813441838115,873.635037302468
Isolated_Capital,BNB,1h,2021,In-Sample,23,60.86956521739131,1.1821319873973493,1.1455200278189375,4.555705957109541,0.45061357246321293,6.372132015050726,1011.8213198739735
Isolated_Capital,BNB,1h,2021,Out-of-Sample,8,75.0,-0.48096675144001894,0.8266561543389345,2.2452587885144486,-0.6044201135633094,3.6014058540976266,995.1903324855998
Isolated_Capital,BNB,1h,2022,In-Sample,32,43.75,-6.230785885285331,0.6462793305637892,10.342975653038547,-1.6814162835497783,14.313090079754883,937.6921411471467
Isolated_Capital,BNB,1h,2022,Out-of-Sample,7,14.285714285714285,-4.085195408972106,0.38215587517531,5.620999620925744,-4.581687017920938,3.6025507484118275,959.1480459102789
Isolated_Capital,BNB,1h,2023,In-Sample,34,47.05882352941176,12.451243813174347,2.015630267182243,5.397284841718144,2.951337139308482,32.753906858086076,1124.5124381317435
Isolated_Capital,BNB,1h,2023,Out-of-Sample,9,22.22222222222222,-2.230978590646225,0.5433987814785768,3.3472962731596256,-2.6385802514336842,6.228128382957077,977.6902140935377
Isolated_Capital,BNB,1h,2024,In-Sample,40,52.5,-0.1898580240876754,1.0364968802190981,6.804938751157728,0.020557110217676866,26.229297478448,998.1014197591232
Isolated_Capital,BNB,1h,2024,Out-of-Sample,10,20.0,-6.019676493350471,0.2878843536680304,6.628209060764305,-6.890283026866446,4.2723530282189115,939.8032350664953
Isolated_Capital,BNB,1h,2025,In-Sample,34,23.52941176470588,-9.889411607834495,0.5473939344025607,9.889411607834495,-2.9842184028998116,24.724917563276595,901.105883921655
Isolated_Capital,BNB,1h,2025,Out-of-Sample,6,66.66666666666666,3.733008395554225,4.450985318796049,1.70734425332013,4.934058045652184,4.005173129119002,1037.3300839555422
Isolated_Capital,SOL,15m,2021,In-Sample,129,55.03875968992248,10.871309338612036,1.2137046123258826,7.036068728820739,0.7993038100786605,56.03690771638301,1108.7130933861204
Isolated_Capital,SOL,15m,2021,Out-of-Sample,48,64.58333333333334,12.653754475500115,1.9884580036104091,4.457448118567973,2.7500126126281046,25.430965653684368,1126.5375447550011
Isolated_Capital,SOL,15m,2022,In-Sample,133,39.097744360902254,-13.978425758441107,0.8122100760059904,16.845453486214033,-0.9710168620818826,81.09461954875644,860.2157424155889
Isolated_Capital,SOL,15m,2022,Out-of-Sample,36,41.66666666666667,1.1197744694627658,1.1583320520237483,6.230592722314451,0.32914472250679755,29.608360971710976,1011.1977446946277
Isolated_Capital,SOL,15m,2023,In-Sample,137,35.03649635036496,-23.13859776737878,0.69547739759543,24.704419671719364,-1.6880724094619501,105.40655494687921,768.6140223262122
Isolated_Capital,SOL,15m,2023,Out-of-Sample,37,48.64864864864865,-4.516411325334218,0.7526680199346388,8.123394432770114,-1.0477406849260291,19.934396516681748,954.8358867466578
Isolated_Capital,SOL,15m,2024,In-Sample,147,45.57823129251701,13.019517910963419,1.2259954836452127,11.012809188116677,0.8606697655186296,122.88144707293907,1130.1951791096342
Isolated_Capital,SOL,15m,2024,Out-of-Sample,51,31.372549019607842,-15.064987497640322,0.4855243476156141,16.397249702144272,-3.626760373867114,36.11951791836535,849.3501250235968
Isolated_Capital,SOL,15m,2025,In-Sample,161,39.130434782608695,-16.521983196082385,0.8473270838165153,27.7556683955622,-1.0255120453623987,133.4434641175358,834.7801680391761
Isolated_Capital,SOL,15m,2025,Out-of-Sample,41,34.146341463414636,-8.073870504338288,0.6694511769152679,10.948734474367383,-1.9224311474239337,39.69211676605477,919.2612949566171
Isolated_Capital,SOL,1h,2021,In-Sample,26,73.07692307692307,5.495335154942995,1.7627317099739488,3.3226178436905527,1.7241062024641287,4.812147454520597,1054.95335154943
Isolated_Capital,SOL,1h,2021,Out-of-Sample,9,55.55555555555556,-0.8529978491739711,0.8123017039759758,3.8686145690491407,-0.9862619472113283,2.484200177579751,991.4700215082603
Isolated_Capital,SOL,1h,2022,In-Sample,27,51.85185185185185,-3.779734711612628,0.7349333976598914,9.777379628129374,-1.1058179480848698,8.377673179995607,962.2026528838737
Isolated_Capital,SOL,1h,2022,Out-of-Sample,3,100.0,0.7590728611423969,99.0,1.525362322410559,1.367926824504677,0.901336035237773,1007.590728611424
Isolated_Capital,SOL,1h,2023,In-Sample,30,60.0,4.775496977452917,1.3850506230002038,4.092466882653101,1.312180710564865,14.808806411658834,1047.7549697745292
Isolated_Capital,SOL,1h,2023,Out-of-Sample,8,87.5,6.474571097162629,6.977884422124214,1.5197699692054254,6.274207794676878,1.326135096560307,1064.7457109716263
Isolated_Capital,SOL,1h,2024,In-Sample,28,71.42857142857143,10.162121242734338,2.377063343031936,4.290872619576868,3.145919751352618,10.68580356103779,1101.6212124273434
Isolated_Capital,SOL,1h,2024,Out-of-Sample,4,25.0,-0.7856172604305812,0.7714350897587255,3.1816589826306583,-1.2929020758069978,1.529685849259141,992.1438273956942
Isolated_Capital,SOL,1h,2025,In-Sample,29,58.620689655172406,3.870041209541091,1.3170133384442233,6.803359915683446,1.237636875604431,12.581296370583454,1038.700412095411
Isolated_Capital,SOL,1h,2025,Out-of-Sample,4,50.0,-2.0801399968699683,0.04095213033158626,2.1686964383051928,-4.9764052080767724,1.6986643389786797,979.1986000313003
