capital_model,symbol,timeframe,year,sample_type,total_trades,skipped_due_to_capacity,win_rate_pct,total_return_pct,max_drawdown_pct,final_equity
Shared_Portfolio_Capital,BTC+ETH+BNB+SOL,15m,2021,In-Sample,535,9,42.80373831775701,-10.754151180723307,31.832199864761062,892.4584881927669
Shared_Portfolio_Capital,BTC+ETH+BNB+SOL,15m,2021,Out-of-Sample,148,3,43.24324324324324,0.9522395988595577,9.950708847891331,1009.5223959885956
Shared_Portfolio_Capital,BTC+ETH+BNB+SOL,15m,2022,In-Sample,565,19,38.76106194690265,-33.65308737464493,39.900609735817724,663.4691262535507
Shared_Portfolio_Capital,BTC+ETH+BNB+SOL,15m,2022,Out-of-Sample,126,3,38.095238095238095,-9.197866789171782,18.905340416169427,908.0213321082822
Shared_Portfolio_Capital,BTC+ETH+BNB+SOL,15m,2023,In-Sample,587,9,29.471890971039183,-75.25179480981637,75.46883085486112,247.48205190183623
Shared_Portfolio_Capital,BTC+ETH+BNB+SOL,15m,2023,Out-of-Sample,131,2,32.82442748091603,-13.742988397974443,18.521147179569997,862.5701160202556
Shared_Portfolio_Capital,BTC+ETH+BNB+SOL,15m,2024,In-Sample,607,10,35.09060955518946,-27.125857770057415,44.411196035666755,728.7414222994258
Shared_Portfolio_Capital,BTC+ETH+BNB+SOL,15m,2024,Out-of-Sample,157,1,32.48407643312102,-10.449577743746328,30.902471582022457,895.5042225625367
Shared_Portfolio_Capital,BTC+ETH+BNB+SOL,15m,2025,In-Sample,611,15,32.242225859247135,-65.57364996682762,70.5518285243662,344.2635003317238
Shared_Portfolio_Capital,BTC+ETH+BNB+SOL,15m,2025,Out-of-Sample,153,6,30.065359477124183,-38.64224315752938,38.646197906680136,613.5775684247062
Shared_Portfolio_Capital,BTC+ETH+BNB+SOL,1h,2021,In-Sample,87,0,67.81609195402298,14.004432350102118,6.201516242446735,1140.0443235010212
Shared_Portfolio_Capital,BTC+ETH+BNB+SOL,1h,2021,Out-of-Sample,38,0,55.26315789473685,-8.357034614426391,9.846022894702719,916.4296538557361
Shared_Portfolio_Capital,BTC+ETH+BNB+SOL,1h,2022,In-Sample,123,2,48.78048780487805,-12.272945704244512,17.90953332724643,877.2705429575549
Shared_Portfolio_Capital,BTC+ETH+BNB+SOL,1h,2022,Out-of-Sample,22,1,45.45454545454545,1.0676126788157603,9.265181283683482,1010.6761267881576
Shared_Portfolio_Capital,BTC+ETH+BNB+SOL,1h,2023,In-Sample,127,2,42.51968503937008,7.128515446388474,9.414413438829085,1071.2851544638847
Shared_Portfolio_Capital,BTC+ETH+BNB+SOL,1h,2023,Out-of-Sample,31,1,45.16129032258064,3.2683726944544107,6.759880945396618,1032.683726944544
Shared_Portfolio_Capital,BTC+ETH+BNB+SOL,1h,2024,In-Sample,124,3,57.25806451612904,18.73270826356538,10.555314393995364,1187.3270826356538
Shared_Portfolio_Capital,BTC+ETH+BNB+SOL,1h,2024,Out-of-Sample,23,1,21.73913043478261,-10.331436689639531,12.507498055994724,896.6856331036047
Shared_Portfolio_Capital,BTC+ETH+BNB+SOL,1h,2025,In-Sample,139,2,39.568345323741006,-17.629410060553766,20.773458889005997,823.7058993944623
Shared_Portfolio_Capital,BTC+ETH+BNB+SOL,1h,2025,Out-of-Sample,22,0,59.09090909090909,0.8143959863351711,5.399405479796057,1008.1439598633517
